0,cramergan,progan
1,cramergan,mmdgan
2,cramergan,cramergan
3,cramergan,cramergan
4,cramergan,cramergan
5,cramergan,cramergan
6,cramergan,cramergan
7,cramergan,cramergan
8,cramergan,cramergan
9,cramergan,cramergan
10,cramergan,cramergan
11,cramergan,cramergan
12,cramergan,cramergan
13,cramergan,cramergan
14,cramergan,cramergan
15,cramergan,cramergan
16,cramergan,cramergan
17,cramergan,cramergan
18,cramergan,real
19,cramergan,cramergan
20,cramergan,cramergan
21,cramergan,cramergan
22,cramergan,progan
23,cramergan,real
24,cramergan,cramergan
25,cramergan,cramergan
26,cramergan,cramergan
27,cramergan,cramergan
28,cramergan,cramergan
29,cramergan,cramergan
30,cramergan,cramergan
31,cramergan,cramergan
32,cramergan,cramergan
33,cramergan,cramergan
34,cramergan,real
35,cramergan,cramergan
36,cramergan,cramergan
37,cramergan,cramergan
38,cramergan,cramergan
39,cramergan,cramergan
40,cramergan,cramergan
41,cramergan,cramergan
42,cramergan,real
43,cramergan,progan
44,cramergan,cramergan
45,cramergan,cramergan
46,cramergan,cramergan
47,cramergan,cramergan
48,cramergan,progan
49,cramergan,cramergan
50,cramergan,cramergan
51,cramergan,real
52,cramergan,cramergan
53,cramergan,cramergan
54,cramergan,cramergan
55,cramergan,cramergan
56,cramergan,cramergan
57,cramergan,cramergan
58,cramergan,cramergan
59,cramergan,cramergan
60,cramergan,cramergan
61,cramergan,cramergan
62,cramergan,cramergan
63,cramergan,cramergan
64,cramergan,cramergan
65,cramergan,cramergan
66,cramergan,cramergan
67,cramergan,cramergan
68,cramergan,progan
69,cramergan,cramergan
70,cramergan,cramergan
71,cramergan,cramergan
72,cramergan,cramergan
73,cramergan,progan
74,cramergan,cramergan
75,cramergan,cramergan
76,cramergan,cramergan
77,cramergan,cramergan
78,cramergan,cramergan
79,cramergan,cramergan
80,cramergan,cramergan
81,cramergan,real
82,cramergan,cramergan
83,cramergan,cramergan
84,cramergan,cramergan
85,cramergan,cramergan
86,cramergan,cramergan
87,cramergan,cramergan
88,cramergan,cramergan
89,cramergan,cramergan
90,cramergan,cramergan
91,cramergan,cramergan
92,cramergan,cramergan
93,cramergan,cramergan
94,cramergan,cramergan
95,cramergan,cramergan
96,cramergan,cramergan
97,cramergan,cramergan
98,cramergan,cramergan
99,cramergan,cramergan
100,cramergan,cramergan
101,cramergan,cramergan
102,cramergan,cramergan
103,cramergan,progan
104,cramergan,cramergan
105,cramergan,mmdgan
106,cramergan,cramergan
107,cramergan,cramergan
108,cramergan,cramergan
109,cramergan,cramergan
110,cramergan,cramergan
111,cramergan,cramergan
112,cramergan,cramergan
113,cramergan,cramergan
114,cramergan,cramergan
115,cramergan,cramergan
116,cramergan,cramergan
117,cramergan,cramergan
118,cramergan,progan
119,cramergan,cramergan
120,cramergan,cramergan
121,cramergan,cramergan
122,cramergan,cramergan
123,cramergan,cramergan
124,cramergan,cramergan
125,cramergan,cramergan
126,cramergan,cramergan
127,cramergan,cramergan
128,cramergan,cramergan
129,cramergan,cramergan
130,cramergan,cramergan
131,cramergan,cramergan
132,cramergan,cramergan
133,cramergan,cramergan
134,cramergan,cramergan
135,cramergan,cramergan
136,cramergan,cramergan
137,cramergan,cramergan
138,cramergan,cramergan
139,cramergan,cramergan
140,cramergan,cramergan
141,cramergan,cramergan
142,cramergan,cramergan
143,cramergan,cramergan
144,cramergan,cramergan
145,cramergan,real
146,cramergan,cramergan
147,cramergan,cramergan
148,cramergan,cramergan
149,cramergan,cramergan
150,cramergan,cramergan
151,cramergan,cramergan
152,cramergan,cramergan
153,cramergan,cramergan
154,cramergan,cramergan
155,cramergan,cramergan
156,cramergan,cramergan
157,cramergan,cramergan
158,cramergan,cramergan
159,cramergan,cramergan
160,cramergan,cramergan
161,cramergan,cramergan
162,cramergan,cramergan
163,cramergan,cramergan
164,cramergan,cramergan
165,cramergan,cramergan
166,cramergan,cramergan
167,cramergan,cramergan
168,cramergan,cramergan
169,cramergan,cramergan
170,cramergan,real
171,cramergan,cramergan
172,cramergan,cramergan
173,cramergan,real
174,cramergan,cramergan
175,cramergan,cramergan
176,cramergan,cramergan
177,cramergan,cramergan
178,cramergan,cramergan
179,cramergan,cramergan
180,cramergan,real
181,cramergan,cramergan
182,cramergan,cramergan
183,cramergan,real
184,cramergan,cramergan
185,cramergan,cramergan
186,cramergan,cramergan
187,cramergan,real
188,cramergan,cramergan
189,cramergan,cramergan
190,cramergan,cramergan
191,cramergan,cramergan
192,cramergan,cramergan
193,cramergan,cramergan
194,cramergan,cramergan
195,cramergan,cramergan
196,cramergan,cramergan
197,cramergan,cramergan
198,cramergan,cramergan
199,cramergan,cramergan
200,cramergan,cramergan
201,cramergan,cramergan
202,cramergan,cramergan
203,cramergan,cramergan
204,cramergan,cramergan
205,cramergan,progan
206,cramergan,cramergan
207,cramergan,cramergan
208,cramergan,cramergan
209,cramergan,cramergan
210,cramergan,cramergan
211,cramergan,cramergan
212,cramergan,cramergan
213,cramergan,cramergan
214,cramergan,cramergan
215,cramergan,cramergan
216,cramergan,cramergan
217,cramergan,cramergan
218,cramergan,cramergan
219,cramergan,progan
220,cramergan,cramergan
221,cramergan,cramergan
222,cramergan,cramergan
223,cramergan,cramergan
224,cramergan,cramergan
225,cramergan,cramergan
226,cramergan,cramergan
227,cramergan,real
228,cramergan,cramergan
229,cramergan,cramergan
230,cramergan,cramergan
231,cramergan,cramergan
232,cramergan,real
233,cramergan,cramergan
234,cramergan,cramergan
235,cramergan,cramergan
236,cramergan,sngan
237,cramergan,cramergan
238,cramergan,cramergan
239,cramergan,cramergan
240,cramergan,cramergan
241,cramergan,cramergan
242,cramergan,progan
243,cramergan,cramergan
244,cramergan,cramergan
245,cramergan,cramergan
246,cramergan,cramergan
247,cramergan,cramergan
248,cramergan,cramergan
249,cramergan,cramergan
250,cramergan,cramergan
251,cramergan,cramergan
252,cramergan,cramergan
253,cramergan,cramergan
254,cramergan,progan
255,cramergan,cramergan
256,cramergan,cramergan
257,cramergan,cramergan
258,cramergan,progan
259,cramergan,cramergan
260,cramergan,cramergan
261,cramergan,cramergan
262,cramergan,cramergan
263,cramergan,cramergan
264,cramergan,progan
265,cramergan,cramergan
266,cramergan,cramergan
267,cramergan,cramergan
268,cramergan,cramergan
269,cramergan,cramergan
270,cramergan,cramergan
271,cramergan,cramergan
272,cramergan,progan
273,cramergan,cramergan
274,cramergan,cramergan
275,cramergan,cramergan
276,cramergan,cramergan
277,cramergan,cramergan
278,cramergan,cramergan
279,cramergan,cramergan
280,cramergan,cramergan
281,cramergan,cramergan
282,cramergan,cramergan
283,cramergan,cramergan
284,cramergan,cramergan
285,cramergan,cramergan
286,cramergan,cramergan
287,cramergan,cramergan
288,cramergan,progan
289,cramergan,cramergan
290,cramergan,cramergan
291,cramergan,cramergan
292,cramergan,cramergan
293,cramergan,cramergan
294,cramergan,cramergan
295,cramergan,cramergan
296,cramergan,cramergan
297,cramergan,cramergan
298,cramergan,cramergan
299,cramergan,cramergan
300,cramergan,cramergan
301,cramergan,cramergan
302,cramergan,cramergan
303,cramergan,cramergan
304,cramergan,cramergan
305,cramergan,cramergan
306,cramergan,cramergan
307,cramergan,cramergan
308,cramergan,cramergan
309,cramergan,cramergan
310,cramergan,cramergan
311,cramergan,cramergan
312,cramergan,cramergan
313,cramergan,cramergan
314,cramergan,cramergan
315,cramergan,cramergan
316,cramergan,cramergan
317,cramergan,cramergan
318,cramergan,cramergan
319,cramergan,progan
320,cramergan,cramergan
321,cramergan,cramergan
322,cramergan,cramergan
323,cramergan,cramergan
324,cramergan,cramergan
325,cramergan,cramergan
326,cramergan,cramergan
327,cramergan,cramergan
328,cramergan,cramergan
329,cramergan,cramergan
330,cramergan,mmdgan
331,cramergan,cramergan
332,cramergan,cramergan
333,cramergan,cramergan
334,cramergan,cramergan
335,cramergan,cramergan
336,cramergan,cramergan
337,cramergan,cramergan
338,cramergan,cramergan
339,cramergan,cramergan
340,cramergan,cramergan
341,cramergan,cramergan
342,cramergan,cramergan
343,cramergan,cramergan
344,cramergan,cramergan
345,cramergan,cramergan
346,cramergan,cramergan
347,cramergan,cramergan
348,cramergan,cramergan
349,cramergan,cramergan
350,cramergan,cramergan
351,cramergan,progan
352,cramergan,progan
353,cramergan,cramergan
354,cramergan,cramergan
355,cramergan,cramergan
356,cramergan,cramergan
357,cramergan,progan
358,cramergan,cramergan
359,cramergan,cramergan
360,cramergan,cramergan
361,cramergan,cramergan
362,cramergan,cramergan
363,cramergan,cramergan
364,cramergan,cramergan
365,cramergan,cramergan
366,cramergan,cramergan
367,cramergan,cramergan
368,cramergan,cramergan
369,cramergan,cramergan
370,cramergan,cramergan
371,cramergan,cramergan
372,cramergan,cramergan
373,cramergan,progan
374,cramergan,cramergan
375,cramergan,cramergan
376,cramergan,cramergan
377,cramergan,cramergan
378,cramergan,cramergan
379,cramergan,cramergan
380,cramergan,cramergan
381,cramergan,cramergan
382,cramergan,cramergan
383,cramergan,progan
384,cramergan,cramergan
385,cramergan,cramergan
386,cramergan,cramergan
387,cramergan,cramergan
388,cramergan,progan
389,cramergan,cramergan
390,cramergan,cramergan
391,cramergan,cramergan
392,cramergan,real
393,cramergan,cramergan
394,cramergan,cramergan
395,cramergan,cramergan
396,cramergan,cramergan
397,cramergan,mmdgan
398,cramergan,cramergan
399,cramergan,cramergan
400,cramergan,cramergan
401,cramergan,cramergan
402,cramergan,cramergan
403,cramergan,cramergan
404,cramergan,cramergan
405,cramergan,cramergan
406,cramergan,cramergan
407,cramergan,cramergan
408,cramergan,cramergan
409,cramergan,cramergan
410,cramergan,cramergan
411,cramergan,progan
412,cramergan,cramergan
413,cramergan,cramergan
414,cramergan,cramergan
415,cramergan,cramergan
416,cramergan,cramergan
417,cramergan,cramergan
418,cramergan,cramergan
419,cramergan,cramergan
420,cramergan,cramergan
421,cramergan,cramergan
422,cramergan,cramergan
423,cramergan,cramergan
424,cramergan,cramergan
425,cramergan,cramergan
426,cramergan,progan
427,cramergan,real
428,cramergan,cramergan
429,cramergan,cramergan
430,cramergan,cramergan
431,cramergan,cramergan
432,cramergan,cramergan
433,cramergan,cramergan
434,cramergan,cramergan
435,cramergan,cramergan
436,cramergan,cramergan
437,cramergan,cramergan
438,cramergan,cramergan
439,cramergan,cramergan
440,cramergan,cramergan
441,cramergan,cramergan
442,cramergan,cramergan
443,cramergan,cramergan
444,cramergan,real
445,cramergan,cramergan
446,cramergan,cramergan
447,cramergan,cramergan
448,cramergan,cramergan
449,cramergan,cramergan
450,cramergan,cramergan
451,cramergan,cramergan
452,cramergan,real
453,cramergan,cramergan
454,cramergan,cramergan
455,cramergan,real
456,cramergan,progan
457,cramergan,cramergan
458,cramergan,progan
459,cramergan,cramergan
460,cramergan,cramergan
461,cramergan,cramergan
462,cramergan,cramergan
463,cramergan,cramergan
464,cramergan,cramergan
465,cramergan,cramergan
466,cramergan,cramergan
467,cramergan,cramergan
468,cramergan,progan
469,cramergan,cramergan
470,cramergan,cramergan
471,cramergan,cramergan
472,cramergan,cramergan
473,cramergan,cramergan
474,cramergan,cramergan
475,cramergan,cramergan
476,cramergan,cramergan
477,cramergan,cramergan
478,cramergan,progan
479,cramergan,cramergan
480,cramergan,cramergan
481,cramergan,cramergan
482,cramergan,cramergan
483,cramergan,progan
484,cramergan,progan
485,cramergan,cramergan
486,cramergan,cramergan
487,cramergan,cramergan
488,cramergan,cramergan
489,cramergan,cramergan
490,cramergan,cramergan
491,cramergan,cramergan
492,cramergan,cramergan
493,cramergan,cramergan
494,cramergan,cramergan
495,cramergan,progan
496,cramergan,cramergan
497,cramergan,cramergan
498,cramergan,cramergan
499,cramergan,progan
500,mmdgan,real
501,mmdgan,mmdgan
502,mmdgan,mmdgan
503,mmdgan,mmdgan
504,mmdgan,mmdgan
505,mmdgan,mmdgan
506,mmdgan,mmdgan
507,mmdgan,mmdgan
508,mmdgan,mmdgan
509,mmdgan,mmdgan
510,mmdgan,mmdgan
511,mmdgan,mmdgan
512,mmdgan,mmdgan
513,mmdgan,mmdgan
514,mmdgan,mmdgan
515,mmdgan,mmdgan
516,mmdgan,mmdgan
517,mmdgan,mmdgan
518,mmdgan,mmdgan
519,mmdgan,mmdgan
520,mmdgan,mmdgan
521,mmdgan,mmdgan
522,mmdgan,mmdgan
523,mmdgan,mmdgan
524,mmdgan,mmdgan
525,mmdgan,mmdgan
526,mmdgan,mmdgan
527,mmdgan,mmdgan
528,mmdgan,real
529,mmdgan,mmdgan
530,mmdgan,mmdgan
531,mmdgan,mmdgan
532,mmdgan,mmdgan
533,mmdgan,progan
534,mmdgan,mmdgan
535,mmdgan,mmdgan
536,mmdgan,mmdgan
537,mmdgan,mmdgan
538,mmdgan,mmdgan
539,mmdgan,mmdgan
540,mmdgan,real
541,mmdgan,mmdgan
542,mmdgan,mmdgan
543,mmdgan,mmdgan
544,mmdgan,mmdgan
545,mmdgan,mmdgan
546,mmdgan,mmdgan
547,mmdgan,real
548,mmdgan,progan
549,mmdgan,mmdgan
550,mmdgan,mmdgan
551,mmdgan,mmdgan
552,mmdgan,mmdgan
553,mmdgan,mmdgan
554,mmdgan,mmdgan
555,mmdgan,mmdgan
556,mmdgan,mmdgan
557,mmdgan,mmdgan
558,mmdgan,mmdgan
559,mmdgan,mmdgan
560,mmdgan,mmdgan
561,mmdgan,progan
562,mmdgan,mmdgan
563,mmdgan,mmdgan
564,mmdgan,mmdgan
565,mmdgan,mmdgan
566,mmdgan,mmdgan
567,mmdgan,mmdgan
568,mmdgan,mmdgan
569,mmdgan,mmdgan
570,mmdgan,mmdgan
571,mmdgan,mmdgan
572,mmdgan,mmdgan
573,mmdgan,mmdgan
574,mmdgan,mmdgan
575,mmdgan,mmdgan
576,mmdgan,mmdgan
577,mmdgan,mmdgan
578,mmdgan,mmdgan
579,mmdgan,mmdgan
580,mmdgan,mmdgan
581,mmdgan,mmdgan
582,mmdgan,mmdgan
583,mmdgan,mmdgan
584,mmdgan,real
585,mmdgan,mmdgan
586,mmdgan,mmdgan
587,mmdgan,mmdgan
588,mmdgan,mmdgan
589,mmdgan,mmdgan
590,mmdgan,mmdgan
591,mmdgan,real
592,mmdgan,mmdgan
593,mmdgan,mmdgan
594,mmdgan,mmdgan
595,mmdgan,mmdgan
596,mmdgan,mmdgan
597,mmdgan,mmdgan
598,mmdgan,mmdgan
599,mmdgan,real
600,mmdgan,mmdgan
601,mmdgan,mmdgan
602,mmdgan,mmdgan
603,mmdgan,mmdgan
604,mmdgan,real
605,mmdgan,mmdgan
606,mmdgan,mmdgan
607,mmdgan,mmdgan
608,mmdgan,mmdgan
609,mmdgan,mmdgan
610,mmdgan,mmdgan
611,mmdgan,progan
612,mmdgan,mmdgan
613,mmdgan,mmdgan
614,mmdgan,real
615,mmdgan,real
616,mmdgan,mmdgan
617,mmdgan,real
618,mmdgan,mmdgan
619,mmdgan,mmdgan
620,mmdgan,mmdgan
621,mmdgan,mmdgan
622,mmdgan,mmdgan
623,mmdgan,mmdgan
624,mmdgan,mmdgan
625,mmdgan,mmdgan
626,mmdgan,mmdgan
627,mmdgan,real
628,mmdgan,mmdgan
629,mmdgan,mmdgan
630,mmdgan,mmdgan
631,mmdgan,mmdgan
632,mmdgan,real
633,mmdgan,mmdgan
634,mmdgan,mmdgan
635,mmdgan,progan
636,mmdgan,mmdgan
637,mmdgan,mmdgan
638,mmdgan,real
639,mmdgan,mmdgan
640,mmdgan,mmdgan
641,mmdgan,mmdgan
642,mmdgan,mmdgan
643,mmdgan,mmdgan
644,mmdgan,mmdgan
645,mmdgan,mmdgan
646,mmdgan,mmdgan
647,mmdgan,mmdgan
648,mmdgan,mmdgan
649,mmdgan,mmdgan
650,mmdgan,progan
651,mmdgan,mmdgan
652,mmdgan,mmdgan
653,mmdgan,mmdgan
654,mmdgan,progan
655,mmdgan,real
656,mmdgan,mmdgan
657,mmdgan,mmdgan
658,mmdgan,mmdgan
659,mmdgan,mmdgan
660,mmdgan,mmdgan
661,mmdgan,mmdgan
662,mmdgan,mmdgan
663,mmdgan,mmdgan
664,mmdgan,real
665,mmdgan,real
666,mmdgan,mmdgan
667,mmdgan,mmdgan
668,mmdgan,mmdgan
669,mmdgan,mmdgan
670,mmdgan,mmdgan
671,mmdgan,real
672,mmdgan,mmdgan
673,mmdgan,mmdgan
674,mmdgan,mmdgan
675,mmdgan,mmdgan
676,mmdgan,mmdgan
677,mmdgan,real
678,mmdgan,mmdgan
679,mmdgan,mmdgan
680,mmdgan,mmdgan
681,mmdgan,mmdgan
682,mmdgan,mmdgan
683,mmdgan,mmdgan
684,mmdgan,mmdgan
685,mmdgan,real
686,mmdgan,progan
687,mmdgan,mmdgan
688,mmdgan,mmdgan
689,mmdgan,mmdgan
690,mmdgan,cramergan
691,mmdgan,mmdgan
692,mmdgan,mmdgan
693,mmdgan,mmdgan
694,mmdgan,mmdgan
695,mmdgan,mmdgan
696,mmdgan,mmdgan
697,mmdgan,mmdgan
698,mmdgan,mmdgan
699,mmdgan,mmdgan
700,mmdgan,mmdgan
701,mmdgan,mmdgan
702,mmdgan,mmdgan
703,mmdgan,mmdgan
704,mmdgan,mmdgan
705,mmdgan,mmdgan
706,mmdgan,mmdgan
707,mmdgan,mmdgan
708,mmdgan,real
709,mmdgan,real
710,mmdgan,mmdgan
711,mmdgan,mmdgan
712,mmdgan,mmdgan
713,mmdgan,mmdgan
714,mmdgan,mmdgan
715,mmdgan,real
716,mmdgan,mmdgan
717,mmdgan,mmdgan
718,mmdgan,mmdgan
719,mmdgan,mmdgan
720,mmdgan,mmdgan
721,mmdgan,mmdgan
722,mmdgan,mmdgan
723,mmdgan,progan
724,mmdgan,mmdgan
725,mmdgan,real
726,mmdgan,mmdgan
727,mmdgan,mmdgan
728,mmdgan,mmdgan
729,mmdgan,mmdgan
730,mmdgan,mmdgan
731,mmdgan,cramergan
732,mmdgan,mmdgan
733,mmdgan,mmdgan
734,mmdgan,mmdgan
735,mmdgan,mmdgan
736,mmdgan,real
737,mmdgan,mmdgan
738,mmdgan,mmdgan
739,mmdgan,mmdgan
740,mmdgan,mmdgan
741,mmdgan,mmdgan
742,mmdgan,mmdgan
743,mmdgan,real
744,mmdgan,mmdgan
745,mmdgan,mmdgan
746,mmdgan,mmdgan
747,mmdgan,progan
748,mmdgan,mmdgan
749,mmdgan,real
750,mmdgan,mmdgan
751,mmdgan,real
752,mmdgan,mmdgan
753,mmdgan,mmdgan
754,mmdgan,mmdgan
755,mmdgan,mmdgan
756,mmdgan,progan
757,mmdgan,mmdgan
758,mmdgan,mmdgan
759,mmdgan,mmdgan
760,mmdgan,mmdgan
761,mmdgan,mmdgan
762,mmdgan,mmdgan
763,mmdgan,mmdgan
764,mmdgan,real
765,mmdgan,mmdgan
766,mmdgan,mmdgan
767,mmdgan,mmdgan
768,mmdgan,mmdgan
769,mmdgan,real
770,mmdgan,mmdgan
771,mmdgan,mmdgan
772,mmdgan,mmdgan
773,mmdgan,mmdgan
774,mmdgan,real
775,mmdgan,mmdgan
776,mmdgan,mmdgan
777,mmdgan,mmdgan
778,mmdgan,real
779,mmdgan,mmdgan
780,mmdgan,mmdgan
781,mmdgan,real
782,mmdgan,mmdgan
783,mmdgan,mmdgan
784,mmdgan,mmdgan
785,mmdgan,mmdgan
786,mmdgan,real
787,mmdgan,mmdgan
788,mmdgan,mmdgan
789,mmdgan,mmdgan
790,mmdgan,mmdgan
791,mmdgan,mmdgan
792,mmdgan,real
793,mmdgan,mmdgan
794,mmdgan,progan
795,mmdgan,mmdgan
796,mmdgan,mmdgan
797,mmdgan,mmdgan
798,mmdgan,real
799,mmdgan,mmdgan
800,mmdgan,mmdgan
801,mmdgan,mmdgan
802,mmdgan,mmdgan
803,mmdgan,real
804,mmdgan,mmdgan
805,mmdgan,real
806,mmdgan,mmdgan
807,mmdgan,mmdgan
808,mmdgan,mmdgan
809,mmdgan,real
810,mmdgan,mmdgan
811,mmdgan,mmdgan
812,mmdgan,mmdgan
813,mmdgan,mmdgan
814,mmdgan,mmdgan
815,mmdgan,progan
816,mmdgan,mmdgan
817,mmdgan,mmdgan
818,mmdgan,mmdgan
819,mmdgan,real
820,mmdgan,mmdgan
821,mmdgan,mmdgan
822,mmdgan,real
823,mmdgan,mmdgan
824,mmdgan,mmdgan
825,mmdgan,mmdgan
826,mmdgan,mmdgan
827,mmdgan,mmdgan
828,mmdgan,mmdgan
829,mmdgan,mmdgan
830,mmdgan,mmdgan
831,mmdgan,real
832,mmdgan,mmdgan
833,mmdgan,mmdgan
834,mmdgan,mmdgan
835,mmdgan,mmdgan
836,mmdgan,mmdgan
837,mmdgan,mmdgan
838,mmdgan,real
839,mmdgan,mmdgan
840,mmdgan,mmdgan
841,mmdgan,mmdgan
842,mmdgan,mmdgan
843,mmdgan,mmdgan
844,mmdgan,mmdgan
845,mmdgan,mmdgan
846,mmdgan,real
847,mmdgan,mmdgan
848,mmdgan,mmdgan
849,mmdgan,mmdgan
850,mmdgan,mmdgan
851,mmdgan,mmdgan
852,mmdgan,mmdgan
853,mmdgan,real
854,mmdgan,mmdgan
855,mmdgan,mmdgan
856,mmdgan,mmdgan
857,mmdgan,mmdgan
858,mmdgan,mmdgan
859,mmdgan,mmdgan
860,mmdgan,mmdgan
861,mmdgan,mmdgan
862,mmdgan,mmdgan
863,mmdgan,mmdgan
864,mmdgan,mmdgan
865,mmdgan,mmdgan
866,mmdgan,mmdgan
867,mmdgan,mmdgan
868,mmdgan,mmdgan
869,mmdgan,progan
870,mmdgan,mmdgan
871,mmdgan,mmdgan
872,mmdgan,mmdgan
873,mmdgan,real
874,mmdgan,mmdgan
875,mmdgan,mmdgan
876,mmdgan,mmdgan
877,mmdgan,mmdgan
878,mmdgan,mmdgan
879,mmdgan,progan
880,mmdgan,mmdgan
881,mmdgan,real
882,mmdgan,mmdgan
883,mmdgan,mmdgan
884,mmdgan,mmdgan
885,mmdgan,mmdgan
886,mmdgan,mmdgan
887,mmdgan,mmdgan
888,mmdgan,mmdgan
889,mmdgan,mmdgan
890,mmdgan,mmdgan
891,mmdgan,cramergan
892,mmdgan,mmdgan
893,mmdgan,mmdgan
894,mmdgan,mmdgan
895,mmdgan,mmdgan
896,mmdgan,mmdgan
897,mmdgan,mmdgan
898,mmdgan,real
899,mmdgan,mmdgan
900,mmdgan,real
901,mmdgan,mmdgan
902,mmdgan,mmdgan
903,mmdgan,mmdgan
904,mmdgan,mmdgan
905,mmdgan,real
906,mmdgan,mmdgan
907,mmdgan,mmdgan
908,mmdgan,real
909,mmdgan,mmdgan
910,mmdgan,mmdgan
911,mmdgan,real
912,mmdgan,mmdgan
913,mmdgan,real
914,mmdgan,progan
915,mmdgan,real
916,mmdgan,mmdgan
917,mmdgan,mmdgan
918,mmdgan,mmdgan
919,mmdgan,mmdgan
920,mmdgan,mmdgan
921,mmdgan,mmdgan
922,mmdgan,mmdgan
923,mmdgan,real
924,mmdgan,mmdgan
925,mmdgan,mmdgan
926,mmdgan,real
927,mmdgan,mmdgan
928,mmdgan,mmdgan
929,mmdgan,mmdgan
930,mmdgan,mmdgan
931,mmdgan,real
932,mmdgan,mmdgan
933,mmdgan,mmdgan
934,mmdgan,progan
935,mmdgan,mmdgan
936,mmdgan,real
937,mmdgan,mmdgan
938,mmdgan,mmdgan
939,mmdgan,mmdgan
940,mmdgan,mmdgan
941,mmdgan,mmdgan
942,mmdgan,mmdgan
943,mmdgan,mmdgan
944,mmdgan,mmdgan
945,mmdgan,mmdgan
946,mmdgan,mmdgan
947,mmdgan,mmdgan
948,mmdgan,mmdgan
949,mmdgan,mmdgan
950,mmdgan,mmdgan
951,mmdgan,cramergan
952,mmdgan,mmdgan
953,mmdgan,mmdgan
954,mmdgan,mmdgan
955,mmdgan,mmdgan
956,mmdgan,mmdgan
957,mmdgan,mmdgan
958,mmdgan,mmdgan
959,mmdgan,real
960,mmdgan,mmdgan
961,mmdgan,mmdgan
962,mmdgan,real
963,mmdgan,mmdgan
964,mmdgan,mmdgan
965,mmdgan,real
966,mmdgan,mmdgan
967,mmdgan,mmdgan
968,mmdgan,mmdgan
969,mmdgan,mmdgan
970,mmdgan,real
971,mmdgan,mmdgan
972,mmdgan,real
973,mmdgan,mmdgan
974,mmdgan,mmdgan
975,mmdgan,mmdgan
976,mmdgan,mmdgan
977,mmdgan,mmdgan
978,mmdgan,mmdgan
979,mmdgan,mmdgan
980,mmdgan,mmdgan
981,mmdgan,mmdgan
982,mmdgan,real
983,mmdgan,mmdgan
984,mmdgan,mmdgan
985,mmdgan,mmdgan
986,mmdgan,mmdgan
987,mmdgan,mmdgan
988,mmdgan,mmdgan
989,mmdgan,mmdgan
990,mmdgan,mmdgan
991,mmdgan,mmdgan
992,mmdgan,mmdgan
993,mmdgan,mmdgan
994,mmdgan,mmdgan
995,mmdgan,mmdgan
996,mmdgan,mmdgan
997,mmdgan,mmdgan
998,mmdgan,progan
999,mmdgan,mmdgan
1000,progan,progan
1001,progan,progan
1002,progan,progan
1003,progan,progan
1004,progan,progan
1005,progan,progan
1006,progan,progan
1007,progan,progan
1008,progan,progan
1009,progan,progan
1010,progan,progan
1011,progan,progan
1012,progan,progan
1013,progan,progan
1014,progan,progan
1015,progan,progan
1016,progan,progan
1017,progan,progan
1018,progan,progan
1019,progan,progan
1020,progan,progan
1021,progan,progan
1022,progan,progan
1023,progan,progan
1024,progan,progan
1025,progan,progan
1026,progan,progan
1027,progan,progan
1028,progan,progan
1029,progan,progan
1030,progan,progan
1031,progan,progan
1032,progan,progan
1033,progan,progan
1034,progan,progan
1035,progan,progan
1036,progan,progan
1037,progan,progan
1038,progan,progan
1039,progan,progan
1040,progan,progan
1041,progan,progan
1042,progan,progan
1043,progan,progan
1044,progan,progan
1045,progan,progan
1046,progan,progan
1047,progan,progan
1048,progan,progan
1049,progan,progan
1050,progan,progan
1051,progan,progan
1052,progan,progan
1053,progan,progan
1054,progan,progan
1055,progan,progan
1056,progan,progan
1057,progan,progan
1058,progan,progan
1059,progan,progan
1060,progan,progan
1061,progan,progan
1062,progan,progan
1063,progan,progan
1064,progan,progan
1065,progan,progan
1066,progan,progan
1067,progan,progan
1068,progan,progan
1069,progan,progan
1070,progan,progan
1071,progan,progan
1072,progan,progan
1073,progan,progan
1074,progan,progan
1075,progan,progan
1076,progan,progan
1077,progan,progan
1078,progan,progan
1079,progan,progan
1080,progan,progan
1081,progan,progan
1082,progan,progan
1083,progan,progan
1084,progan,progan
1085,progan,progan
1086,progan,progan
1087,progan,progan
1088,progan,progan
1089,progan,progan
1090,progan,progan
1091,progan,progan
1092,progan,progan
1093,progan,progan
1094,progan,progan
1095,progan,progan
1096,progan,progan
1097,progan,progan
1098,progan,progan
1099,progan,progan
1100,progan,progan
1101,progan,progan
1102,progan,progan
1103,progan,progan
1104,progan,progan
1105,progan,progan
1106,progan,progan
1107,progan,progan
1108,progan,progan
1109,progan,progan
1110,progan,progan
1111,progan,progan
1112,progan,progan
1113,progan,progan
1114,progan,progan
1115,progan,progan
1116,progan,progan
1117,progan,progan
1118,progan,progan
1119,progan,progan
1120,progan,progan
1121,progan,progan
1122,progan,progan
1123,progan,progan
1124,progan,progan
1125,progan,progan
1126,progan,progan
1127,progan,progan
1128,progan,progan
1129,progan,progan
1130,progan,progan
1131,progan,progan
1132,progan,progan
1133,progan,progan
1134,progan,progan
1135,progan,progan
1136,progan,progan
1137,progan,progan
1138,progan,progan
1139,progan,progan
1140,progan,progan
1141,progan,progan
1142,progan,progan
1143,progan,progan
1144,progan,progan
1145,progan,progan
1146,progan,progan
1147,progan,progan
1148,progan,progan
1149,progan,progan
1150,progan,progan
1151,progan,progan
1152,progan,progan
1153,progan,progan
1154,progan,progan
1155,progan,progan
1156,progan,progan
1157,progan,progan
1158,progan,progan
1159,progan,progan
1160,progan,progan
1161,progan,progan
1162,progan,progan
1163,progan,progan
1164,progan,progan
1165,progan,progan
1166,progan,progan
1167,progan,progan
1168,progan,progan
1169,progan,progan
1170,progan,progan
1171,progan,progan
1172,progan,progan
1173,progan,progan
1174,progan,progan
1175,progan,progan
1176,progan,progan
1177,progan,progan
1178,progan,progan
1179,progan,progan
1180,progan,progan
1181,progan,progan
1182,progan,progan
1183,progan,progan
1184,progan,progan
1185,progan,progan
1186,progan,progan
1187,progan,progan
1188,progan,progan
1189,progan,progan
1190,progan,progan
1191,progan,progan
1192,progan,progan
1193,progan,progan
1194,progan,progan
1195,progan,progan
1196,progan,progan
1197,progan,progan
1198,progan,progan
1199,progan,progan
1200,progan,progan
1201,progan,progan
1202,progan,progan
1203,progan,progan
1204,progan,progan
1205,progan,progan
1206,progan,progan
1207,progan,progan
1208,progan,progan
1209,progan,progan
1210,progan,progan
1211,progan,progan
1212,progan,progan
1213,progan,progan
1214,progan,progan
1215,progan,progan
1216,progan,progan
1217,progan,progan
1218,progan,progan
1219,progan,progan
1220,progan,progan
1221,progan,progan
1222,progan,progan
1223,progan,progan
1224,progan,progan
1225,progan,progan
1226,progan,progan
1227,progan,progan
1228,progan,progan
1229,progan,progan
1230,progan,progan
1231,progan,progan
1232,progan,progan
1233,progan,progan
1234,progan,progan
1235,progan,progan
1236,progan,progan
1237,progan,progan
1238,progan,progan
1239,progan,progan
1240,progan,progan
1241,progan,progan
1242,progan,progan
1243,progan,progan
1244,progan,progan
1245,progan,progan
1246,progan,progan
1247,progan,progan
1248,progan,progan
1249,progan,progan
1250,progan,progan
1251,progan,progan
1252,progan,progan
1253,progan,progan
1254,progan,progan
1255,progan,progan
1256,progan,progan
1257,progan,progan
1258,progan,progan
1259,progan,progan
1260,progan,progan
1261,progan,progan
1262,progan,progan
1263,progan,progan
1264,progan,progan
1265,progan,progan
1266,progan,progan
1267,progan,progan
1268,progan,progan
1269,progan,progan
1270,progan,progan
1271,progan,progan
1272,progan,progan
1273,progan,progan
1274,progan,progan
1275,progan,progan
1276,progan,progan
1277,progan,progan
1278,progan,progan
1279,progan,progan
1280,progan,progan
1281,progan,progan
1282,progan,progan
1283,progan,progan
1284,progan,progan
1285,progan,progan
1286,progan,progan
1287,progan,progan
1288,progan,progan
1289,progan,progan
1290,progan,progan
1291,progan,progan
1292,progan,progan
1293,progan,progan
1294,progan,progan
1295,progan,progan
1296,progan,progan
1297,progan,progan
1298,progan,progan
1299,progan,progan
1300,progan,progan
1301,progan,progan
1302,progan,progan
1303,progan,progan
1304,progan,progan
1305,progan,progan
1306,progan,progan
1307,progan,progan
1308,progan,progan
1309,progan,progan
1310,progan,progan
1311,progan,progan
1312,progan,progan
1313,progan,progan
1314,progan,progan
1315,progan,progan
1316,progan,progan
1317,progan,progan
1318,progan,progan
1319,progan,progan
1320,progan,progan
1321,progan,progan
1322,progan,progan
1323,progan,progan
1324,progan,progan
1325,progan,progan
1326,progan,progan
1327,progan,progan
1328,progan,progan
1329,progan,progan
1330,progan,progan
1331,progan,progan
1332,progan,progan
1333,progan,progan
1334,progan,progan
1335,progan,progan
1336,progan,progan
1337,progan,progan
1338,progan,progan
1339,progan,progan
1340,progan,progan
1341,progan,progan
1342,progan,progan
1343,progan,progan
1344,progan,progan
1345,progan,progan
1346,progan,progan
1347,progan,progan
1348,progan,progan
1349,progan,progan
1350,progan,progan
1351,progan,progan
1352,progan,progan
1353,progan,progan
1354,progan,progan
1355,progan,progan
1356,progan,progan
1357,progan,progan
1358,progan,progan
1359,progan,progan
1360,progan,progan
1361,progan,progan
1362,progan,progan
1363,progan,progan
1364,progan,progan
1365,progan,progan
1366,progan,progan
1367,progan,progan
1368,progan,progan
1369,progan,progan
1370,progan,progan
1371,progan,progan
1372,progan,progan
1373,progan,progan
1374,progan,progan
1375,progan,progan
1376,progan,progan
1377,progan,progan
1378,progan,progan
1379,progan,progan
1380,progan,progan
1381,progan,progan
1382,progan,progan
1383,progan,progan
1384,progan,progan
1385,progan,progan
1386,progan,real
1387,progan,progan
1388,progan,progan
1389,progan,progan
1390,progan,progan
1391,progan,progan
1392,progan,progan
1393,progan,progan
1394,progan,progan
1395,progan,progan
1396,progan,progan
1397,progan,progan
1398,progan,progan
1399,progan,progan
1400,progan,progan
1401,progan,progan
1402,progan,progan
1403,progan,progan
1404,progan,progan
1405,progan,progan
1406,progan,progan
1407,progan,progan
1408,progan,progan
1409,progan,progan
1410,progan,progan
1411,progan,progan
1412,progan,progan
1413,progan,progan
1414,progan,progan
1415,progan,progan
1416,progan,progan
1417,progan,progan
1418,progan,progan
1419,progan,progan
1420,progan,progan
1421,progan,progan
1422,progan,progan
1423,progan,progan
1424,progan,progan
1425,progan,progan
1426,progan,progan
1427,progan,progan
1428,progan,progan
1429,progan,progan
1430,progan,progan
1431,progan,progan
1432,progan,progan
1433,progan,progan
1434,progan,progan
1435,progan,progan
1436,progan,progan
1437,progan,progan
1438,progan,progan
1439,progan,progan
1440,progan,progan
1441,progan,progan
1442,progan,progan
1443,progan,progan
1444,progan,progan
1445,progan,progan
1446,progan,progan
1447,progan,progan
1448,progan,progan
1449,progan,progan
1450,progan,progan
1451,progan,progan
1452,progan,progan
1453,progan,progan
1454,progan,progan
1455,progan,progan
1456,progan,progan
1457,progan,progan
1458,progan,progan
1459,progan,progan
1460,progan,progan
1461,progan,progan
1462,progan,progan
1463,progan,progan
1464,progan,progan
1465,progan,progan
1466,progan,progan
1467,progan,progan
1468,progan,progan
1469,progan,progan
1470,progan,progan
1471,progan,progan
1472,progan,progan
1473,progan,progan
1474,progan,progan
1475,progan,progan
1476,progan,progan
1477,progan,progan
1478,progan,progan
1479,progan,progan
1480,progan,progan
1481,progan,progan
1482,progan,progan
1483,progan,progan
1484,progan,progan
1485,progan,progan
1486,progan,progan
1487,progan,progan
1488,progan,progan
1489,progan,progan
1490,progan,progan
1491,progan,progan
1492,progan,progan
1493,progan,progan
1494,progan,progan
1495,progan,progan
1496,progan,progan
1497,progan,progan
1498,progan,progan
1499,progan,progan
1500,real,real
1501,real,real
1502,real,real
1503,real,real
1504,real,real
1505,real,real
1506,real,real
1507,real,real
1508,real,real
1509,real,real
1510,real,real
1511,real,real
1512,real,real
1513,real,real
1514,real,sngan
1515,real,real
1516,real,real
1517,real,sngan
1518,real,real
1519,real,real
1520,real,real
1521,real,real
1522,real,real
1523,real,real
1524,real,real
1525,real,real
1526,real,real
1527,real,real
1528,real,sngan
1529,real,real
1530,real,real
1531,real,real
1532,real,real
1533,real,real
1534,real,real
1535,real,real
1536,real,real
1537,real,real
1538,real,real
1539,real,real
1540,real,real
1541,real,real
1542,real,real
1543,real,real
1544,real,real
1545,real,real
1546,real,real
1547,real,real
1548,real,real
1549,real,real
1550,real,real
1551,real,real
1552,real,real
1553,real,real
1554,real,real
1555,real,real
1556,real,real
1557,real,real
1558,real,real
1559,real,real
1560,real,real
1561,real,real
1562,real,real
1563,real,real
1564,real,real
1565,real,real
1566,real,real
1567,real,real
1568,real,real
1569,real,real
1570,real,real
1571,real,real
1572,real,real
1573,real,real
1574,real,real
1575,real,real
1576,real,real
1577,real,real
1578,real,real
1579,real,real
1580,real,real
1581,real,real
1582,real,real
1583,real,real
1584,real,real
1585,real,real
1586,real,real
1587,real,real
1588,real,real
1589,real,real
1590,real,real
1591,real,real
1592,real,real
1593,real,real
1594,real,real
1595,real,real
1596,real,real
1597,real,real
1598,real,real
1599,real,real
1600,real,real
1601,real,real
1602,real,real
1603,real,real
1604,real,real
1605,real,real
1606,real,real
1607,real,real
1608,real,real
1609,real,real
1610,real,real
1611,real,real
1612,real,real
1613,real,real
1614,real,real
1615,real,real
1616,real,real
1617,real,real
1618,real,real
1619,real,real
1620,real,real
1621,real,real
1622,real,real
1623,real,progan
1624,real,real
1625,real,real
1626,real,real
1627,real,real
1628,real,real
1629,real,real
1630,real,real
1631,real,cramergan
1632,real,real
1633,real,real
1634,real,real
1635,real,real
1636,real,real
1637,real,real
1638,real,real
1639,real,real
1640,real,real
1641,real,real
1642,real,real
1643,real,real
1644,real,real
1645,real,real
1646,real,real
1647,real,real
1648,real,real
1649,real,real
1650,real,real
1651,real,real
1652,real,real
1653,real,real
1654,real,real
1655,real,real
1656,real,real
1657,real,real
1658,real,real
1659,real,real
1660,real,real
1661,real,real
1662,real,real
1663,real,real
1664,real,real
1665,real,real
1666,real,real
1667,real,real
1668,real,real
1669,real,real
1670,real,real
1671,real,real
1672,real,real
1673,real,real
1674,real,real
1675,real,real
1676,real,real
1677,real,real
1678,real,real
1679,real,real
1680,real,real
1681,real,real
1682,real,real
1683,real,real
1684,real,real
1685,real,real
1686,real,real
1687,real,real
1688,real,real
1689,real,real
1690,real,real
1691,real,real
1692,real,real
1693,real,real
1694,real,real
1695,real,real
1696,real,real
1697,real,real
1698,real,real
1699,real,real
1700,real,real
1701,real,real
1702,real,real
1703,real,real
1704,real,real
1705,real,real
1706,real,real
1707,real,real
1708,real,real
1709,real,real
1710,real,mmdgan
1711,real,real
1712,real,real
1713,real,real
1714,real,real
1715,real,cramergan
1716,real,real
1717,real,real
1718,real,real
1719,real,real
1720,real,real
1721,real,real
1722,real,real
1723,real,real
1724,real,real
1725,real,real
1726,real,real
1727,real,real
1728,real,real
1729,real,real
1730,real,real
1731,real,real
1732,real,real
1733,real,real
1734,real,real
1735,real,real
1736,real,real
1737,real,real
1738,real,real
1739,real,real
1740,real,real
1741,real,real
1742,real,real
1743,real,real
1744,real,real
1745,real,real
1746,real,mmdgan
1747,real,real
1748,real,real
1749,real,real
1750,real,real
1751,real,real
1752,real,real
1753,real,real
1754,real,real
1755,real,real
1756,real,real
1757,real,real
1758,real,real
1759,real,real
1760,real,real
1761,real,real
1762,real,real
1763,real,real
1764,real,real
1765,real,real
1766,real,real
1767,real,real
1768,real,real
1769,real,real
1770,real,real
1771,real,real
1772,real,real
1773,real,real
1774,real,real
1775,real,mmdgan
1776,real,real
1777,real,real
1778,real,real
1779,real,real
1780,real,real
1781,real,real
1782,real,real
1783,real,real
1784,real,real
1785,real,real
1786,real,real
1787,real,real
1788,real,real
1789,real,real
1790,real,real
1791,real,real
1792,real,real
1793,real,real
1794,real,real
1795,real,real
1796,real,real
1797,real,real
1798,real,real
1799,real,real
1800,real,real
1801,real,real
1802,real,real
1803,real,real
1804,real,real
1805,real,real
1806,real,cramergan
1807,real,real
1808,real,real
1809,real,real
1810,real,real
1811,real,real
1812,real,real
1813,real,real
1814,real,real
1815,real,real
1816,real,real
1817,real,real
1818,real,real
1819,real,real
1820,real,real
1821,real,real
1822,real,real
1823,real,real
1824,real,real
1825,real,real
1826,real,real
1827,real,real
1828,real,real
1829,real,real
1830,real,real
1831,real,real
1832,real,real
1833,real,real
1834,real,real
1835,real,real
1836,real,real
1837,real,real
1838,real,real
1839,real,real
1840,real,real
1841,real,real
1842,real,real
1843,real,real
1844,real,real
1845,real,cramergan
1846,real,real
1847,real,real
1848,real,real
1849,real,real
1850,real,real
1851,real,real
1852,real,real
1853,real,real
1854,real,real
1855,real,real
1856,real,real
1857,real,real
1858,real,real
1859,real,real
1860,real,real
1861,real,real
1862,real,real
1863,real,real
1864,real,real
1865,real,real
1866,real,real
1867,real,real
1868,real,real
1869,real,real
1870,real,real
1871,real,real
1872,real,real
1873,real,real
1874,real,real
1875,real,real
1876,real,real
1877,real,real
1878,real,real
1879,real,real
1880,real,real
1881,real,real
1882,real,real
1883,real,real
1884,real,real
1885,real,real
1886,real,real
1887,real,real
1888,real,real
1889,real,real
1890,real,real
1891,real,real
1892,real,real
1893,real,real
1894,real,real
1895,real,real
1896,real,real
1897,real,real
1898,real,real
1899,real,real
1900,real,real
1901,real,real
1902,real,real
1903,real,real
1904,real,real
1905,real,real
1906,real,real
1907,real,real
1908,real,real
1909,real,real
1910,real,real
1911,real,real
1912,real,real
1913,real,real
1914,real,real
1915,real,real
1916,real,real
1917,real,real
1918,real,real
1919,real,real
1920,real,real
1921,real,real
1922,real,real
1923,real,real
1924,real,real
1925,real,real
1926,real,real
1927,real,real
1928,real,real
1929,real,real
1930,real,real
1931,real,real
1932,real,real
1933,real,real
1934,real,real
1935,real,real
1936,real,real
1937,real,real
1938,real,real
1939,real,real
1940,real,real
1941,real,real
1942,real,real
1943,real,real
1944,real,real
1945,real,real
1946,real,real
1947,real,real
1948,real,real
1949,real,real
1950,real,real
1951,real,real
1952,real,real
1953,real,real
1954,real,real
1955,real,real
1956,real,real
1957,real,real
1958,real,real
1959,real,real
1960,real,real
1961,real,real
1962,real,real
1963,real,real
1964,real,real
1965,real,real
1966,real,real
1967,real,real
1968,real,real
1969,real,real
1970,real,real
1971,real,real
1972,real,real
1973,real,real
1974,real,real
1975,real,real
1976,real,real
1977,real,real
1978,real,real
1979,real,real
1980,real,real
1981,real,real
1982,real,real
1983,real,real
1984,real,real
1985,real,real
1986,real,real
1987,real,real
1988,real,real
1989,real,real
1990,real,real
1991,real,real
1992,real,real
1993,real,real
1994,real,real
1995,real,real
1996,real,real
1997,real,real
1998,real,real
1999,real,real
2000,sngan,sngan
2001,sngan,sngan
2002,sngan,sngan
2003,sngan,sngan
2004,sngan,sngan
2005,sngan,sngan
2006,sngan,real
2007,sngan,sngan
2008,sngan,sngan
2009,sngan,sngan
2010,sngan,sngan
2011,sngan,sngan
2012,sngan,progan
2013,sngan,sngan
2014,sngan,sngan
2015,sngan,sngan
2016,sngan,sngan
2017,sngan,sngan
2018,sngan,sngan
2019,sngan,sngan
2020,sngan,sngan
2021,sngan,sngan
2022,sngan,sngan
2023,sngan,sngan
2024,sngan,sngan
2025,sngan,sngan
2026,sngan,sngan
2027,sngan,sngan
2028,sngan,sngan
2029,sngan,sngan
2030,sngan,sngan
2031,sngan,sngan
2032,sngan,sngan
2033,sngan,sngan
2034,sngan,sngan
2035,sngan,sngan
2036,sngan,sngan
2037,sngan,sngan
2038,sngan,mmdgan
2039,sngan,sngan
2040,sngan,sngan
2041,sngan,sngan
2042,sngan,sngan
2043,sngan,sngan
2044,sngan,sngan
2045,sngan,sngan
2046,sngan,sngan
2047,sngan,sngan
2048,sngan,sngan
2049,sngan,sngan
2050,sngan,real
2051,sngan,sngan
2052,sngan,sngan
2053,sngan,sngan
2054,sngan,sngan
2055,sngan,sngan
2056,sngan,sngan
2057,sngan,sngan
2058,sngan,real
2059,sngan,sngan
2060,sngan,real
2061,sngan,sngan
2062,sngan,sngan
2063,sngan,sngan
2064,sngan,sngan
2065,sngan,sngan
2066,sngan,sngan
2067,sngan,sngan
2068,sngan,sngan
2069,sngan,sngan
2070,sngan,real
2071,sngan,sngan
2072,sngan,sngan
2073,sngan,sngan
2074,sngan,sngan
2075,sngan,sngan
2076,sngan,sngan
2077,sngan,sngan
2078,sngan,sngan
2079,sngan,real
2080,sngan,sngan
2081,sngan,sngan
2082,sngan,sngan
2083,sngan,sngan
2084,sngan,real
2085,sngan,sngan
2086,sngan,sngan
2087,sngan,sngan
2088,sngan,sngan
2089,sngan,sngan
2090,sngan,sngan
2091,sngan,sngan
2092,sngan,sngan
2093,sngan,sngan
2094,sngan,sngan
2095,sngan,sngan
2096,sngan,sngan
2097,sngan,sngan
2098,sngan,sngan
2099,sngan,sngan
2100,sngan,sngan
2101,sngan,sngan
2102,sngan,sngan
2103,sngan,sngan
2104,sngan,sngan
2105,sngan,sngan
2106,sngan,sngan
2107,sngan,sngan
2108,sngan,sngan
2109,sngan,sngan
2110,sngan,sngan
2111,sngan,sngan
2112,sngan,sngan
2113,sngan,sngan
2114,sngan,sngan
2115,sngan,sngan
2116,sngan,real
2117,sngan,real
2118,sngan,sngan
2119,sngan,sngan
2120,sngan,sngan
2121,sngan,sngan
2122,sngan,sngan
2123,sngan,sngan
2124,sngan,sngan
2125,sngan,sngan
2126,sngan,sngan
2127,sngan,sngan
2128,sngan,sngan
2129,sngan,sngan
2130,sngan,sngan
2131,sngan,sngan
2132,sngan,sngan
2133,sngan,sngan
2134,sngan,sngan
2135,sngan,sngan
2136,sngan,sngan
2137,sngan,sngan
2138,sngan,sngan
2139,sngan,sngan
2140,sngan,sngan
2141,sngan,sngan
2142,sngan,sngan
2143,sngan,sngan
2144,sngan,sngan
2145,sngan,sngan
2146,sngan,sngan
2147,sngan,sngan
2148,sngan,sngan
2149,sngan,sngan
2150,sngan,sngan
2151,sngan,sngan
2152,sngan,sngan
2153,sngan,sngan
2154,sngan,sngan
2155,sngan,sngan
2156,sngan,sngan
2157,sngan,sngan
2158,sngan,sngan
2159,sngan,sngan
2160,sngan,sngan
2161,sngan,sngan
2162,sngan,sngan
2163,sngan,sngan
2164,sngan,sngan
2165,sngan,sngan
2166,sngan,sngan
2167,sngan,sngan
2168,sngan,sngan
2169,sngan,sngan
2170,sngan,real
2171,sngan,sngan
2172,sngan,sngan
2173,sngan,sngan
2174,sngan,sngan
2175,sngan,sngan
2176,sngan,sngan
2177,sngan,sngan
2178,sngan,real
2179,sngan,sngan
2180,sngan,sngan
2181,sngan,sngan
2182,sngan,sngan
2183,sngan,real
2184,sngan,mmdgan
2185,sngan,sngan
2186,sngan,sngan
2187,sngan,sngan
2188,sngan,sngan
2189,sngan,sngan
2190,sngan,sngan
2191,sngan,sngan
2192,sngan,sngan
2193,sngan,sngan
2194,sngan,sngan
2195,sngan,sngan
2196,sngan,sngan
2197,sngan,sngan
2198,sngan,sngan
2199,sngan,sngan
2200,sngan,sngan
2201,sngan,sngan
2202,sngan,sngan
2203,sngan,sngan
2204,sngan,sngan
2205,sngan,sngan
2206,sngan,sngan
2207,sngan,sngan
2208,sngan,sngan
2209,sngan,sngan
2210,sngan,sngan
2211,sngan,sngan
2212,sngan,sngan
2213,sngan,sngan
2214,sngan,sngan
2215,sngan,sngan
2216,sngan,sngan
2217,sngan,sngan
2218,sngan,sngan
2219,sngan,sngan
2220,sngan,sngan
2221,sngan,sngan
2222,sngan,sngan
2223,sngan,sngan
2224,sngan,sngan
2225,sngan,sngan
2226,sngan,sngan
2227,sngan,real
2228,sngan,sngan
2229,sngan,sngan
2230,sngan,sngan
2231,sngan,sngan
2232,sngan,sngan
2233,sngan,sngan
2234,sngan,sngan
2235,sngan,sngan
2236,sngan,sngan
2237,sngan,sngan
2238,sngan,sngan
2239,sngan,sngan
2240,sngan,sngan
2241,sngan,sngan
2242,sngan,sngan
2243,sngan,sngan
2244,sngan,sngan
2245,sngan,sngan
2246,sngan,sngan
2247,sngan,sngan
2248,sngan,sngan
2249,sngan,sngan
2250,sngan,sngan
2251,sngan,sngan
2252,sngan,sngan
2253,sngan,sngan
2254,sngan,sngan
2255,sngan,sngan
2256,sngan,sngan
2257,sngan,sngan
2258,sngan,sngan
2259,sngan,sngan
2260,sngan,sngan
2261,sngan,sngan
2262,sngan,sngan
2263,sngan,sngan
2264,sngan,sngan
2265,sngan,sngan
2266,sngan,sngan
2267,sngan,sngan
2268,sngan,real
2269,sngan,sngan
2270,sngan,sngan
2271,sngan,sngan
2272,sngan,sngan
2273,sngan,sngan
2274,sngan,sngan
2275,sngan,sngan
2276,sngan,sngan
2277,sngan,sngan
2278,sngan,sngan
2279,sngan,sngan
2280,sngan,sngan
2281,sngan,sngan
2282,sngan,sngan
2283,sngan,sngan
2284,sngan,sngan
2285,sngan,sngan
2286,sngan,sngan
2287,sngan,sngan
2288,sngan,sngan
2289,sngan,sngan
2290,sngan,sngan
2291,sngan,real
2292,sngan,sngan
2293,sngan,sngan
2294,sngan,sngan
2295,sngan,sngan
2296,sngan,sngan
2297,sngan,sngan
2298,sngan,sngan
2299,sngan,sngan
2300,sngan,sngan
2301,sngan,real
2302,sngan,sngan
2303,sngan,sngan
2304,sngan,sngan
2305,sngan,sngan
2306,sngan,sngan
2307,sngan,sngan
2308,sngan,sngan
2309,sngan,sngan
2310,sngan,sngan
2311,sngan,sngan
2312,sngan,sngan
2313,sngan,sngan
2314,sngan,sngan
2315,sngan,sngan
2316,sngan,sngan
2317,sngan,sngan
2318,sngan,sngan
2319,sngan,sngan
2320,sngan,sngan
2321,sngan,sngan
2322,sngan,sngan
2323,sngan,sngan
2324,sngan,sngan
2325,sngan,sngan
2326,sngan,sngan
2327,sngan,sngan
2328,sngan,sngan
2329,sngan,sngan
2330,sngan,sngan
2331,sngan,sngan
2332,sngan,sngan
2333,sngan,sngan
2334,sngan,sngan
2335,sngan,sngan
2336,sngan,sngan
2337,sngan,sngan
2338,sngan,sngan
2339,sngan,sngan
2340,sngan,sngan
2341,sngan,sngan
2342,sngan,sngan
2343,sngan,sngan
2344,sngan,sngan
2345,sngan,sngan
2346,sngan,sngan
2347,sngan,sngan
2348,sngan,sngan
2349,sngan,sngan
2350,sngan,sngan
2351,sngan,sngan
2352,sngan,sngan
2353,sngan,sngan
2354,sngan,sngan
2355,sngan,sngan
2356,sngan,sngan
2357,sngan,sngan
2358,sngan,sngan
2359,sngan,sngan
2360,sngan,sngan
2361,sngan,sngan
2362,sngan,sngan
2363,sngan,sngan
2364,sngan,sngan
2365,sngan,sngan
2366,sngan,sngan
2367,sngan,sngan
2368,sngan,sngan
2369,sngan,sngan
2370,sngan,sngan
2371,sngan,sngan
2372,sngan,sngan
2373,sngan,sngan
2374,sngan,sngan
2375,sngan,sngan
2376,sngan,sngan
2377,sngan,real
2378,sngan,sngan
2379,sngan,sngan
2380,sngan,sngan
2381,sngan,sngan
2382,sngan,sngan
2383,sngan,real
2384,sngan,sngan
2385,sngan,sngan
2386,sngan,real
2387,sngan,sngan
2388,sngan,sngan
2389,sngan,sngan
2390,sngan,sngan
2391,sngan,sngan
2392,sngan,sngan
2393,sngan,sngan
2394,sngan,sngan
2395,sngan,sngan
2396,sngan,sngan
2397,sngan,sngan
2398,sngan,sngan
2399,sngan,sngan
2400,sngan,sngan
2401,sngan,real
2402,sngan,sngan
2403,sngan,sngan
2404,sngan,sngan
2405,sngan,real
2406,sngan,sngan
2407,sngan,sngan
2408,sngan,sngan
2409,sngan,sngan
2410,sngan,sngan
2411,sngan,sngan
2412,sngan,sngan
2413,sngan,sngan
2414,sngan,sngan
2415,sngan,sngan
2416,sngan,sngan
2417,sngan,sngan
2418,sngan,sngan
2419,sngan,sngan
2420,sngan,sngan
2421,sngan,sngan
2422,sngan,sngan
2423,sngan,sngan
2424,sngan,sngan
2425,sngan,sngan
2426,sngan,sngan
2427,sngan,sngan
2428,sngan,sngan
2429,sngan,sngan
2430,sngan,sngan
2431,sngan,sngan
2432,sngan,sngan
2433,sngan,sngan
2434,sngan,sngan
2435,sngan,sngan
2436,sngan,sngan
2437,sngan,sngan
2438,sngan,sngan
2439,sngan,sngan
2440,sngan,sngan
2441,sngan,sngan
2442,sngan,sngan
2443,sngan,sngan
2444,sngan,sngan
2445,sngan,sngan
2446,sngan,sngan
2447,sngan,sngan
2448,sngan,sngan
2449,sngan,sngan
2450,sngan,sngan
2451,sngan,sngan
2452,sngan,sngan
2453,sngan,sngan
2454,sngan,sngan
2455,sngan,sngan
2456,sngan,real
2457,sngan,sngan
2458,sngan,sngan
2459,sngan,sngan
2460,sngan,sngan
2461,sngan,sngan
2462,sngan,real
2463,sngan,sngan
2464,sngan,sngan
2465,sngan,sngan
2466,sngan,real
2467,sngan,sngan
2468,sngan,sngan
2469,sngan,sngan
2470,sngan,sngan
2471,sngan,sngan
2472,sngan,sngan
2473,sngan,sngan
2474,sngan,sngan
2475,sngan,sngan
2476,sngan,sngan
2477,sngan,sngan
2478,sngan,sngan
2479,sngan,sngan
2480,sngan,sngan
2481,sngan,sngan
2482,sngan,sngan
2483,sngan,sngan
2484,sngan,real
2485,sngan,sngan
2486,sngan,sngan
2487,sngan,progan
2488,sngan,sngan
2489,sngan,sngan
2490,sngan,sngan
2491,sngan,sngan
2492,sngan,sngan
2493,sngan,sngan
2494,sngan,sngan
2495,sngan,sngan
2496,sngan,sngan
2497,sngan,sngan
2498,sngan,sngan
2499,sngan,sngan
