,0,1
0,cramergan,real
1,cramergan,real
2,cramergan,progan
3,cramergan,real
4,cramergan,real
5,cramergan,real
6,cramergan,mmdgan
7,cramergan,real
8,cramergan,mmdgan
9,cramergan,real
10,cramergan,progan
11,cramergan,real
12,cramergan,progan
13,cramergan,real
14,cramergan,sngan
15,cramergan,sngan
16,cramergan,real
17,cramergan,mmdgan
18,cramergan,real
19,cramergan,mmdgan
20,cramergan,real
21,cramergan,real
22,cramergan,mmdgan
23,cramergan,mmdgan
24,cramergan,mmdgan
25,cramergan,real
26,cramergan,real
27,cramergan,real
28,cramergan,mmdgan
29,cramergan,real
30,cramergan,real
31,cramergan,real
32,cramergan,sngan
33,cramergan,real
34,cramergan,real
35,cramergan,real
36,cramergan,mmdgan
37,cramergan,real
38,cramergan,mmdgan
39,cramergan,real
40,cramergan,real
41,cramergan,sngan
42,cramergan,mmdgan
43,cramergan,progan
44,cramergan,sngan
45,cramergan,real
46,cramergan,mmdgan
47,cramergan,sngan
48,cramergan,mmdgan
49,cramergan,sngan
50,cramergan,cramergan
51,cramergan,mmdgan
52,cramergan,real
53,cramergan,real
54,cramergan,mmdgan
55,cramergan,real
56,cramergan,real
57,cramergan,cramergan
58,cramergan,real
59,cramergan,cramergan
60,cramergan,cramergan
61,cramergan,real
62,cramergan,cramergan
63,cramergan,real
64,cramergan,real
65,cramergan,mmdgan
66,cramergan,real
67,cramergan,real
68,cramergan,mmdgan
69,cramergan,real
70,cramergan,mmdgan
71,cramergan,real
72,cramergan,progan
73,cramergan,real
74,cramergan,sngan
75,cramergan,mmdgan
76,cramergan,progan
77,cramergan,cramergan
78,cramergan,real
79,cramergan,real
80,cramergan,mmdgan
81,cramergan,real
82,cramergan,progan
83,cramergan,cramergan
84,cramergan,real
85,cramergan,progan
86,cramergan,real
87,cramergan,mmdgan
88,cramergan,real
89,cramergan,mmdgan
90,cramergan,sngan
91,cramergan,real
92,cramergan,real
93,cramergan,mmdgan
94,cramergan,real
95,cramergan,mmdgan
96,cramergan,cramergan
97,cramergan,real
98,cramergan,mmdgan
99,cramergan,cramergan
100,cramergan,real
101,cramergan,real
102,cramergan,progan
103,cramergan,cramergan
104,cramergan,sngan
105,cramergan,real
106,cramergan,mmdgan
107,cramergan,real
108,cramergan,real
109,cramergan,sngan
110,cramergan,mmdgan
111,cramergan,mmdgan
112,cramergan,real
113,cramergan,real
114,cramergan,real
115,cramergan,real
116,cramergan,real
117,cramergan,real
118,cramergan,real
119,cramergan,real
120,cramergan,cramergan
121,cramergan,real
122,cramergan,real
123,cramergan,progan
124,cramergan,real
125,cramergan,real
126,cramergan,real
127,cramergan,real
128,cramergan,real
129,cramergan,real
130,cramergan,real
131,cramergan,real
132,cramergan,mmdgan
133,cramergan,progan
134,cramergan,real
135,cramergan,real
136,cramergan,real
137,cramergan,mmdgan
138,cramergan,real
139,cramergan,real
140,cramergan,cramergan
141,cramergan,real
142,cramergan,real
143,cramergan,progan
144,cramergan,progan
145,cramergan,mmdgan
146,cramergan,real
147,cramergan,real
148,cramergan,real
149,cramergan,mmdgan
150,cramergan,progan
151,cramergan,real
152,cramergan,mmdgan
153,cramergan,cramergan
154,cramergan,real
155,cramergan,cramergan
156,cramergan,real
157,cramergan,real
158,cramergan,real
159,cramergan,real
160,cramergan,mmdgan
161,cramergan,mmdgan
162,cramergan,real
163,cramergan,cramergan
164,cramergan,real
165,cramergan,real
166,cramergan,cramergan
167,cramergan,progan
168,cramergan,mmdgan
169,cramergan,mmdgan
170,cramergan,real
171,cramergan,real
172,cramergan,real
173,cramergan,mmdgan
174,cramergan,real
175,cramergan,real
176,cramergan,real
177,cramergan,real
178,cramergan,real
179,cramergan,sngan
180,cramergan,mmdgan
181,cramergan,real
182,cramergan,real
183,cramergan,real
184,cramergan,real
185,cramergan,real
186,cramergan,real
187,cramergan,mmdgan
188,cramergan,sngan
189,cramergan,real
190,cramergan,real
191,cramergan,progan
192,cramergan,real
193,cramergan,mmdgan
194,cramergan,real
195,cramergan,real
196,cramergan,cramergan
197,cramergan,real
198,cramergan,mmdgan
199,cramergan,real
200,cramergan,real
201,cramergan,real
202,cramergan,progan
203,cramergan,real
204,cramergan,real
205,cramergan,real
206,cramergan,progan
207,cramergan,progan
208,cramergan,real
209,cramergan,real
210,cramergan,progan
211,cramergan,real
212,cramergan,real
213,cramergan,sngan
214,cramergan,mmdgan
215,cramergan,cramergan
216,cramergan,real
217,cramergan,real
218,cramergan,mmdgan
219,cramergan,real
220,cramergan,progan
221,cramergan,real
222,cramergan,real
223,cramergan,progan
224,cramergan,real
225,cramergan,real
226,cramergan,real
227,cramergan,real
228,cramergan,mmdgan
229,cramergan,real
230,cramergan,progan
231,cramergan,real
232,cramergan,real
233,cramergan,real
234,cramergan,real
235,cramergan,real
236,cramergan,sngan
237,cramergan,real
238,cramergan,mmdgan
239,cramergan,real
240,cramergan,progan
241,cramergan,real
242,cramergan,mmdgan
243,cramergan,real
244,cramergan,real
245,cramergan,progan
246,cramergan,cramergan
247,cramergan,real
248,cramergan,mmdgan
249,cramergan,real
250,cramergan,real
251,cramergan,real
252,cramergan,cramergan
253,cramergan,real
254,cramergan,mmdgan
255,cramergan,real
256,cramergan,real
257,cramergan,real
258,cramergan,real
259,cramergan,real
260,cramergan,sngan
261,cramergan,real
262,cramergan,real
263,cramergan,mmdgan
264,cramergan,mmdgan
265,cramergan,real
266,cramergan,progan
267,cramergan,mmdgan
268,cramergan,real
269,cramergan,sngan
270,cramergan,real
271,cramergan,mmdgan
272,cramergan,mmdgan
273,cramergan,real
274,cramergan,real
275,cramergan,real
276,cramergan,real
277,cramergan,sngan
278,cramergan,real
279,cramergan,mmdgan
280,cramergan,cramergan
281,cramergan,real
282,cramergan,progan
283,cramergan,cramergan
284,cramergan,real
285,cramergan,mmdgan
286,cramergan,real
287,cramergan,cramergan
288,cramergan,real
289,cramergan,real
290,cramergan,real
291,cramergan,mmdgan
292,cramergan,progan
293,cramergan,real
294,cramergan,cramergan
295,cramergan,real
296,cramergan,real
297,cramergan,cramergan
298,cramergan,real
299,cramergan,cramergan
300,cramergan,progan
301,cramergan,mmdgan
302,cramergan,real
303,cramergan,real
304,cramergan,real
305,cramergan,cramergan
306,cramergan,real
307,cramergan,real
308,cramergan,real
309,cramergan,progan
310,cramergan,mmdgan
311,cramergan,real
312,cramergan,real
313,cramergan,real
314,cramergan,progan
315,cramergan,real
316,cramergan,mmdgan
317,cramergan,real
318,cramergan,real
319,cramergan,real
320,cramergan,mmdgan
321,cramergan,real
322,cramergan,mmdgan
323,cramergan,mmdgan
324,cramergan,real
325,cramergan,real
326,cramergan,real
327,cramergan,real
328,cramergan,real
329,cramergan,real
330,cramergan,mmdgan
331,cramergan,real
332,cramergan,mmdgan
333,cramergan,cramergan
334,cramergan,mmdgan
335,cramergan,mmdgan
336,cramergan,mmdgan
337,cramergan,real
338,cramergan,mmdgan
339,cramergan,sngan
340,cramergan,real
341,cramergan,mmdgan
342,cramergan,real
343,cramergan,real
344,cramergan,progan
345,cramergan,real
346,cramergan,real
347,cramergan,progan
348,cramergan,real
349,cramergan,real
350,cramergan,progan
351,cramergan,real
352,cramergan,sngan
353,cramergan,cramergan
354,cramergan,real
355,cramergan,real
356,cramergan,real
357,cramergan,real
358,cramergan,real
359,cramergan,cramergan
360,cramergan,real
361,cramergan,real
362,cramergan,real
363,cramergan,real
364,cramergan,real
365,cramergan,real
366,cramergan,real
367,cramergan,cramergan
368,cramergan,real
369,cramergan,real
370,cramergan,real
371,cramergan,mmdgan
372,cramergan,real
373,cramergan,real
374,cramergan,real
375,cramergan,real
376,cramergan,progan
377,cramergan,mmdgan
378,cramergan,real
379,cramergan,real
380,cramergan,sngan
381,cramergan,mmdgan
382,cramergan,real
383,cramergan,real
384,cramergan,sngan
385,cramergan,real
386,cramergan,real
387,cramergan,sngan
388,cramergan,real
389,cramergan,mmdgan
390,cramergan,progan
391,cramergan,real
392,cramergan,real
393,cramergan,real
394,cramergan,progan
395,cramergan,sngan
396,cramergan,mmdgan
397,cramergan,real
398,cramergan,real
399,cramergan,real
400,cramergan,real
401,cramergan,real
402,cramergan,real
403,cramergan,progan
404,cramergan,mmdgan
405,cramergan,progan
406,cramergan,real
407,cramergan,real
408,cramergan,real
409,cramergan,mmdgan
410,cramergan,real
411,cramergan,progan
412,cramergan,mmdgan
413,cramergan,real
414,cramergan,real
415,cramergan,real
416,cramergan,real
417,cramergan,sngan
418,cramergan,cramergan
419,cramergan,real
420,cramergan,mmdgan
421,cramergan,sngan
422,cramergan,real
423,cramergan,real
424,cramergan,real
425,cramergan,mmdgan
426,cramergan,real
427,cramergan,real
428,cramergan,sngan
429,cramergan,real
430,cramergan,cramergan
431,cramergan,real
432,cramergan,real
433,cramergan,mmdgan
434,cramergan,real
435,cramergan,real
436,cramergan,real
437,cramergan,real
438,cramergan,real
439,cramergan,mmdgan
440,cramergan,real
441,cramergan,mmdgan
442,cramergan,real
443,cramergan,mmdgan
444,cramergan,real
445,cramergan,real
446,cramergan,sngan
447,cramergan,real
448,cramergan,real
449,cramergan,real
450,cramergan,sngan
451,cramergan,real
452,cramergan,real
453,cramergan,cramergan
454,cramergan,real
455,cramergan,real
456,cramergan,sngan
457,cramergan,real
458,cramergan,progan
459,cramergan,real
460,cramergan,real
461,cramergan,mmdgan
462,cramergan,real
463,cramergan,real
464,cramergan,cramergan
465,cramergan,real
466,cramergan,progan
467,cramergan,real
468,cramergan,sngan
469,cramergan,cramergan
470,cramergan,mmdgan
471,cramergan,progan
472,cramergan,mmdgan
473,cramergan,real
474,cramergan,real
475,cramergan,mmdgan
476,cramergan,real
477,cramergan,real
478,cramergan,real
479,cramergan,real
480,cramergan,real
481,cramergan,progan
482,cramergan,mmdgan
483,cramergan,mmdgan
484,cramergan,real
485,cramergan,sngan
486,cramergan,cramergan
487,cramergan,sngan
488,cramergan,progan
489,cramergan,mmdgan
490,cramergan,real
491,cramergan,cramergan
492,cramergan,mmdgan
493,cramergan,real
494,cramergan,progan
495,cramergan,mmdgan
496,cramergan,mmdgan
497,cramergan,sngan
498,cramergan,real
499,cramergan,real
500,mmdgan,real
501,mmdgan,real
502,mmdgan,sngan
503,mmdgan,progan
504,mmdgan,mmdgan
505,mmdgan,real
506,mmdgan,cramergan
507,mmdgan,mmdgan
508,mmdgan,real
509,mmdgan,real
510,mmdgan,mmdgan
511,mmdgan,real
512,mmdgan,mmdgan
513,mmdgan,sngan
514,mmdgan,mmdgan
515,mmdgan,real
516,mmdgan,real
517,mmdgan,real
518,mmdgan,real
519,mmdgan,real
520,mmdgan,sngan
521,mmdgan,real
522,mmdgan,mmdgan
523,mmdgan,real
524,mmdgan,mmdgan
525,mmdgan,real
526,mmdgan,real
527,mmdgan,mmdgan
528,mmdgan,real
529,mmdgan,mmdgan
530,mmdgan,cramergan
531,mmdgan,real
532,mmdgan,real
533,mmdgan,real
534,mmdgan,real
535,mmdgan,real
536,mmdgan,real
537,mmdgan,real
538,mmdgan,real
539,mmdgan,real
540,mmdgan,real
541,mmdgan,real
542,mmdgan,real
543,mmdgan,real
544,mmdgan,mmdgan
545,mmdgan,mmdgan
546,mmdgan,mmdgan
547,mmdgan,real
548,mmdgan,mmdgan
549,mmdgan,real
550,mmdgan,mmdgan
551,mmdgan,real
552,mmdgan,mmdgan
553,mmdgan,real
554,mmdgan,real
555,mmdgan,sngan
556,mmdgan,real
557,mmdgan,real
558,mmdgan,real
559,mmdgan,real
560,mmdgan,mmdgan
561,mmdgan,real
562,mmdgan,real
563,mmdgan,real
564,mmdgan,mmdgan
565,mmdgan,mmdgan
566,mmdgan,progan
567,mmdgan,real
568,mmdgan,real
569,mmdgan,real
570,mmdgan,mmdgan
571,mmdgan,real
572,mmdgan,mmdgan
573,mmdgan,real
574,mmdgan,real
575,mmdgan,real
576,mmdgan,progan
577,mmdgan,mmdgan
578,mmdgan,real
579,mmdgan,real
580,mmdgan,real
581,mmdgan,mmdgan
582,mmdgan,sngan
583,mmdgan,cramergan
584,mmdgan,mmdgan
585,mmdgan,real
586,mmdgan,cramergan
587,mmdgan,real
588,mmdgan,real
589,mmdgan,sngan
590,mmdgan,mmdgan
591,mmdgan,mmdgan
592,mmdgan,real
593,mmdgan,real
594,mmdgan,mmdgan
595,mmdgan,real
596,mmdgan,real
597,mmdgan,real
598,mmdgan,real
599,mmdgan,real
600,mmdgan,real
601,mmdgan,mmdgan
602,mmdgan,real
603,mmdgan,real
604,mmdgan,mmdgan
605,mmdgan,cramergan
606,mmdgan,real
607,mmdgan,real
608,mmdgan,mmdgan
609,mmdgan,real
610,mmdgan,mmdgan
611,mmdgan,real
612,mmdgan,real
613,mmdgan,mmdgan
614,mmdgan,mmdgan
615,mmdgan,real
616,mmdgan,real
617,mmdgan,real
618,mmdgan,real
619,mmdgan,real
620,mmdgan,cramergan
621,mmdgan,real
622,mmdgan,real
623,mmdgan,real
624,mmdgan,real
625,mmdgan,real
626,mmdgan,real
627,mmdgan,real
628,mmdgan,real
629,mmdgan,real
630,mmdgan,real
631,mmdgan,real
632,mmdgan,real
633,mmdgan,real
634,mmdgan,real
635,mmdgan,real
636,mmdgan,mmdgan
637,mmdgan,real
638,mmdgan,real
639,mmdgan,real
640,mmdgan,real
641,mmdgan,progan
642,mmdgan,real
643,mmdgan,cramergan
644,mmdgan,real
645,mmdgan,real
646,mmdgan,real
647,mmdgan,real
648,mmdgan,sngan
649,mmdgan,real
650,mmdgan,progan
651,mmdgan,mmdgan
652,mmdgan,real
653,mmdgan,real
654,mmdgan,progan
655,mmdgan,progan
656,mmdgan,mmdgan
657,mmdgan,real
658,mmdgan,real
659,mmdgan,sngan
660,mmdgan,mmdgan
661,mmdgan,mmdgan
662,mmdgan,real
663,mmdgan,progan
664,mmdgan,real
665,mmdgan,real
666,mmdgan,real
667,mmdgan,sngan
668,mmdgan,real
669,mmdgan,mmdgan
670,mmdgan,real
671,mmdgan,real
672,mmdgan,real
673,mmdgan,real
674,mmdgan,progan
675,mmdgan,real
676,mmdgan,real
677,mmdgan,real
678,mmdgan,mmdgan
679,mmdgan,mmdgan
680,mmdgan,real
681,mmdgan,real
682,mmdgan,real
683,mmdgan,real
684,mmdgan,real
685,mmdgan,sngan
686,mmdgan,real
687,mmdgan,real
688,mmdgan,real
689,mmdgan,real
690,mmdgan,mmdgan
691,mmdgan,real
692,mmdgan,real
693,mmdgan,real
694,mmdgan,mmdgan
695,mmdgan,real
696,mmdgan,real
697,mmdgan,progan
698,mmdgan,real
699,mmdgan,progan
700,mmdgan,real
701,mmdgan,real
702,mmdgan,real
703,mmdgan,cramergan
704,mmdgan,mmdgan
705,mmdgan,mmdgan
706,mmdgan,real
707,mmdgan,real
708,mmdgan,mmdgan
709,mmdgan,mmdgan
710,mmdgan,real
711,mmdgan,mmdgan
712,mmdgan,mmdgan
713,mmdgan,mmdgan
714,mmdgan,real
715,mmdgan,real
716,mmdgan,cramergan
717,mmdgan,mmdgan
718,mmdgan,real
719,mmdgan,mmdgan
720,mmdgan,real
721,mmdgan,real
722,mmdgan,real
723,mmdgan,real
724,mmdgan,real
725,mmdgan,real
726,mmdgan,progan
727,mmdgan,mmdgan
728,mmdgan,real
729,mmdgan,mmdgan
730,mmdgan,real
731,mmdgan,sngan
732,mmdgan,real
733,mmdgan,real
734,mmdgan,real
735,mmdgan,real
736,mmdgan,mmdgan
737,mmdgan,mmdgan
738,mmdgan,mmdgan
739,mmdgan,real
740,mmdgan,sngan
741,mmdgan,real
742,mmdgan,real
743,mmdgan,mmdgan
744,mmdgan,real
745,mmdgan,real
746,mmdgan,real
747,mmdgan,real
748,mmdgan,real
749,mmdgan,real
750,mmdgan,real
751,mmdgan,mmdgan
752,mmdgan,real
753,mmdgan,real
754,mmdgan,real
755,mmdgan,real
756,mmdgan,mmdgan
757,mmdgan,real
758,mmdgan,progan
759,mmdgan,real
760,mmdgan,cramergan
761,mmdgan,real
762,mmdgan,real
763,mmdgan,cramergan
764,mmdgan,real
765,mmdgan,mmdgan
766,mmdgan,mmdgan
767,mmdgan,real
768,mmdgan,mmdgan
769,mmdgan,real
770,mmdgan,real
771,mmdgan,mmdgan
772,mmdgan,mmdgan
773,mmdgan,real
774,mmdgan,real
775,mmdgan,real
776,mmdgan,sngan
777,mmdgan,real
778,mmdgan,real
779,mmdgan,mmdgan
780,mmdgan,real
781,mmdgan,progan
782,mmdgan,real
783,mmdgan,mmdgan
784,mmdgan,real
785,mmdgan,sngan
786,mmdgan,mmdgan
787,mmdgan,sngan
788,mmdgan,mmdgan
789,mmdgan,real
790,mmdgan,sngan
791,mmdgan,real
792,mmdgan,real
793,mmdgan,sngan
794,mmdgan,progan
795,mmdgan,real
796,mmdgan,mmdgan
797,mmdgan,mmdgan
798,mmdgan,real
799,mmdgan,sngan
800,mmdgan,mmdgan
801,mmdgan,real
802,mmdgan,real
803,mmdgan,real
804,mmdgan,progan
805,mmdgan,real
806,mmdgan,mmdgan
807,mmdgan,progan
808,mmdgan,real
809,mmdgan,mmdgan
810,mmdgan,real
811,mmdgan,progan
812,mmdgan,real
813,mmdgan,mmdgan
814,mmdgan,real
815,mmdgan,real
816,mmdgan,mmdgan
817,mmdgan,real
818,mmdgan,real
819,mmdgan,mmdgan
820,mmdgan,real
821,mmdgan,real
822,mmdgan,real
823,mmdgan,real
824,mmdgan,progan
825,mmdgan,mmdgan
826,mmdgan,mmdgan
827,mmdgan,real
828,mmdgan,sngan
829,mmdgan,cramergan
830,mmdgan,real
831,mmdgan,real
832,mmdgan,real
833,mmdgan,real
834,mmdgan,sngan
835,mmdgan,mmdgan
836,mmdgan,mmdgan
837,mmdgan,cramergan
838,mmdgan,real
839,mmdgan,real
840,mmdgan,mmdgan
841,mmdgan,real
842,mmdgan,real
843,mmdgan,sngan
844,mmdgan,real
845,mmdgan,mmdgan
846,mmdgan,real
847,mmdgan,mmdgan
848,mmdgan,real
849,mmdgan,real
850,mmdgan,mmdgan
851,mmdgan,real
852,mmdgan,cramergan
853,mmdgan,real
854,mmdgan,mmdgan
855,mmdgan,real
856,mmdgan,real
857,mmdgan,cramergan
858,mmdgan,mmdgan
859,mmdgan,progan
860,mmdgan,real
861,mmdgan,mmdgan
862,mmdgan,real
863,mmdgan,real
864,mmdgan,mmdgan
865,mmdgan,real
866,mmdgan,real
867,mmdgan,real
868,mmdgan,real
869,mmdgan,mmdgan
870,mmdgan,sngan
871,mmdgan,mmdgan
872,mmdgan,real
873,mmdgan,progan
874,mmdgan,sngan
875,mmdgan,real
876,mmdgan,real
877,mmdgan,real
878,mmdgan,real
879,mmdgan,progan
880,mmdgan,real
881,mmdgan,real
882,mmdgan,mmdgan
883,mmdgan,real
884,mmdgan,real
885,mmdgan,real
886,mmdgan,real
887,mmdgan,real
888,mmdgan,real
889,mmdgan,mmdgan
890,mmdgan,real
891,mmdgan,mmdgan
892,mmdgan,real
893,mmdgan,real
894,mmdgan,sngan
895,mmdgan,real
896,mmdgan,mmdgan
897,mmdgan,mmdgan
898,mmdgan,mmdgan
899,mmdgan,real
900,mmdgan,mmdgan
901,mmdgan,real
902,mmdgan,mmdgan
903,mmdgan,real
904,mmdgan,real
905,mmdgan,mmdgan
906,mmdgan,real
907,mmdgan,mmdgan
908,mmdgan,mmdgan
909,mmdgan,real
910,mmdgan,sngan
911,mmdgan,mmdgan
912,mmdgan,real
913,mmdgan,real
914,mmdgan,real
915,mmdgan,real
916,mmdgan,real
917,mmdgan,mmdgan
918,mmdgan,mmdgan
919,mmdgan,mmdgan
920,mmdgan,real
921,mmdgan,sngan
922,mmdgan,real
923,mmdgan,real
924,mmdgan,real
925,mmdgan,progan
926,mmdgan,mmdgan
927,mmdgan,real
928,mmdgan,progan
929,mmdgan,real
930,mmdgan,real
931,mmdgan,real
932,mmdgan,real
933,mmdgan,mmdgan
934,mmdgan,mmdgan
935,mmdgan,mmdgan
936,mmdgan,mmdgan
937,mmdgan,real
938,mmdgan,real
939,mmdgan,real
940,mmdgan,mmdgan
941,mmdgan,real
942,mmdgan,real
943,mmdgan,progan
944,mmdgan,real
945,mmdgan,real
946,mmdgan,real
947,mmdgan,mmdgan
948,mmdgan,real
949,mmdgan,real
950,mmdgan,progan
951,mmdgan,sngan
952,mmdgan,cramergan
953,mmdgan,real
954,mmdgan,real
955,mmdgan,mmdgan
956,mmdgan,real
957,mmdgan,real
958,mmdgan,real
959,mmdgan,mmdgan
960,mmdgan,real
961,mmdgan,progan
962,mmdgan,real
963,mmdgan,real
964,mmdgan,real
965,mmdgan,mmdgan
966,mmdgan,sngan
967,mmdgan,real
968,mmdgan,real
969,mmdgan,real
970,mmdgan,real
971,mmdgan,real
972,mmdgan,progan
973,mmdgan,progan
974,mmdgan,real
975,mmdgan,mmdgan
976,mmdgan,real
977,mmdgan,real
978,mmdgan,mmdgan
979,mmdgan,mmdgan
980,mmdgan,real
981,mmdgan,real
982,mmdgan,mmdgan
983,mmdgan,mmdgan
984,mmdgan,real
985,mmdgan,sngan
986,mmdgan,cramergan
987,mmdgan,real
988,mmdgan,mmdgan
989,mmdgan,mmdgan
990,mmdgan,real
991,mmdgan,mmdgan
992,mmdgan,real
993,mmdgan,mmdgan
994,mmdgan,real
995,mmdgan,real
996,mmdgan,real
997,mmdgan,mmdgan
998,mmdgan,real
999,mmdgan,real
1000,progan,progan
1001,progan,progan
1002,progan,mmdgan
1003,progan,progan
1004,progan,real
1005,progan,real
1006,progan,progan
1007,progan,real
1008,progan,real
1009,progan,cramergan
1010,progan,mmdgan
1011,progan,progan
1012,progan,real
1013,progan,real
1014,progan,progan
1015,progan,real
1016,progan,real
1017,progan,progan
1018,progan,real
1019,progan,mmdgan
1020,progan,progan
1021,progan,real
1022,progan,mmdgan
1023,progan,real
1024,progan,real
1025,progan,real
1026,progan,real
1027,progan,progan
1028,progan,progan
1029,progan,progan
1030,progan,progan
1031,progan,mmdgan
1032,progan,real
1033,progan,progan
1034,progan,progan
1035,progan,real
1036,progan,real
1037,progan,real
1038,progan,cramergan
1039,progan,progan
1040,progan,mmdgan
1041,progan,real
1042,progan,progan
1043,progan,progan
1044,progan,real
1045,progan,real
1046,progan,progan
1047,progan,real
1048,progan,progan
1049,progan,progan
1050,progan,progan
1051,progan,progan
1052,progan,sngan
1053,progan,real
1054,progan,sngan
1055,progan,real
1056,progan,progan
1057,progan,mmdgan
1058,progan,progan
1059,progan,cramergan
1060,progan,progan
1061,progan,real
1062,progan,real
1063,progan,real
1064,progan,mmdgan
1065,progan,real
1066,progan,progan
1067,progan,sngan
1068,progan,progan
1069,progan,progan
1070,progan,real
1071,progan,progan
1072,progan,real
1073,progan,progan
1074,progan,progan
1075,progan,mmdgan
1076,progan,real
1077,progan,real
1078,progan,real
1079,progan,real
1080,progan,mmdgan
1081,progan,mmdgan
1082,progan,progan
1083,progan,real
1084,progan,real
1085,progan,real
1086,progan,sngan
1087,progan,real
1088,progan,real
1089,progan,mmdgan
1090,progan,real
1091,progan,real
1092,progan,progan
1093,progan,progan
1094,progan,real
1095,progan,progan
1096,progan,real
1097,progan,real
1098,progan,progan
1099,progan,sngan
1100,progan,real
1101,progan,real
1102,progan,progan
1103,progan,real
1104,progan,real
1105,progan,real
1106,progan,real
1107,progan,real
1108,progan,mmdgan
1109,progan,real
1110,progan,cramergan
1111,progan,mmdgan
1112,progan,real
1113,progan,real
1114,progan,progan
1115,progan,real
1116,progan,real
1117,progan,progan
1118,progan,real
1119,progan,real
1120,progan,real
1121,progan,real
1122,progan,real
1123,progan,progan
1124,progan,progan
1125,progan,real
1126,progan,progan
1127,progan,progan
1128,progan,real
1129,progan,real
1130,progan,real
1131,progan,progan
1132,progan,progan
1133,progan,sngan
1134,progan,progan
1135,progan,progan
1136,progan,progan
1137,progan,progan
1138,progan,real
1139,progan,progan
1140,progan,real
1141,progan,real
1142,progan,mmdgan
1143,progan,real
1144,progan,sngan
1145,progan,real
1146,progan,progan
1147,progan,mmdgan
1148,progan,progan
1149,progan,real
1150,progan,real
1151,progan,real
1152,progan,sngan
1153,progan,progan
1154,progan,progan
1155,progan,progan
1156,progan,progan
1157,progan,progan
1158,progan,mmdgan
1159,progan,progan
1160,progan,real
1161,progan,progan
1162,progan,mmdgan
1163,progan,progan
1164,progan,mmdgan
1165,progan,progan
1166,progan,progan
1167,progan,mmdgan
1168,progan,cramergan
1169,progan,real
1170,progan,progan
1171,progan,progan
1172,progan,real
1173,progan,mmdgan
1174,progan,mmdgan
1175,progan,real
1176,progan,mmdgan
1177,progan,sngan
1178,progan,real
1179,progan,progan
1180,progan,real
1181,progan,real
1182,progan,real
1183,progan,progan
1184,progan,real
1185,progan,real
1186,progan,real
1187,progan,real
1188,progan,sngan
1189,progan,mmdgan
1190,progan,progan
1191,progan,real
1192,progan,mmdgan
1193,progan,mmdgan
1194,progan,progan
1195,progan,real
1196,progan,mmdgan
1197,progan,progan
1198,progan,progan
1199,progan,progan
1200,progan,mmdgan
1201,progan,progan
1202,progan,progan
1203,progan,mmdgan
1204,progan,real
1205,progan,real
1206,progan,mmdgan
1207,progan,progan
1208,progan,progan
1209,progan,real
1210,progan,mmdgan
1211,progan,mmdgan
1212,progan,sngan
1213,progan,real
1214,progan,mmdgan
1215,progan,progan
1216,progan,real
1217,progan,progan
1218,progan,progan
1219,progan,real
1220,progan,real
1221,progan,progan
1222,progan,progan
1223,progan,real
1224,progan,progan
1225,progan,progan
1226,progan,progan
1227,progan,real
1228,progan,real
1229,progan,real
1230,progan,progan
1231,progan,progan
1232,progan,real
1233,progan,real
1234,progan,progan
1235,progan,progan
1236,progan,real
1237,progan,real
1238,progan,progan
1239,progan,progan
1240,progan,sngan
1241,progan,progan
1242,progan,mmdgan
1243,progan,progan
1244,progan,real
1245,progan,mmdgan
1246,progan,progan
1247,progan,real
1248,progan,real
1249,progan,progan
1250,progan,real
1251,progan,real
1252,progan,real
1253,progan,mmdgan
1254,progan,progan
1255,progan,progan
1256,progan,real
1257,progan,real
1258,progan,progan
1259,progan,progan
1260,progan,real
1261,progan,mmdgan
1262,progan,progan
1263,progan,progan
1264,progan,real
1265,progan,real
1266,progan,real
1267,progan,real
1268,progan,sngan
1269,progan,real
1270,progan,progan
1271,progan,progan
1272,progan,sngan
1273,progan,real
1274,progan,progan
1275,progan,real
1276,progan,progan
1277,progan,progan
1278,progan,sngan
1279,progan,real
1280,progan,real
1281,progan,sngan
1282,progan,real
1283,progan,real
1284,progan,progan
1285,progan,progan
1286,progan,mmdgan
1287,progan,real
1288,progan,progan
1289,progan,real
1290,progan,real
1291,progan,progan
1292,progan,progan
1293,progan,progan
1294,progan,real
1295,progan,real
1296,progan,real
1297,progan,real
1298,progan,real
1299,progan,real
1300,progan,real
1301,progan,progan
1302,progan,real
1303,progan,progan
1304,progan,progan
1305,progan,progan
1306,progan,real
1307,progan,mmdgan
1308,progan,real
1309,progan,real
1310,progan,progan
1311,progan,real
1312,progan,progan
1313,progan,real
1314,progan,sngan
1315,progan,sngan
1316,progan,real
1317,progan,real
1318,progan,progan
1319,progan,mmdgan
1320,progan,sngan
1321,progan,progan
1322,progan,real
1323,progan,progan
1324,progan,real
1325,progan,progan
1326,progan,real
1327,progan,real
1328,progan,sngan
1329,progan,real
1330,progan,progan
1331,progan,sngan
1332,progan,progan
1333,progan,progan
1334,progan,progan
1335,progan,real
1336,progan,real
1337,progan,mmdgan
1338,progan,progan
1339,progan,real
1340,progan,progan
1341,progan,progan
1342,progan,progan
1343,progan,mmdgan
1344,progan,real
1345,progan,real
1346,progan,progan
1347,progan,mmdgan
1348,progan,progan
1349,progan,real
1350,progan,mmdgan
1351,progan,progan
1352,progan,real
1353,progan,progan
1354,progan,progan
1355,progan,sngan
1356,progan,cramergan
1357,progan,progan
1358,progan,progan
1359,progan,progan
1360,progan,progan
1361,progan,sngan
1362,progan,progan
1363,progan,real
1364,progan,real
1365,progan,real
1366,progan,real
1367,progan,real
1368,progan,cramergan
1369,progan,progan
1370,progan,real
1371,progan,real
1372,progan,progan
1373,progan,mmdgan
1374,progan,progan
1375,progan,progan
1376,progan,real
1377,progan,real
1378,progan,progan
1379,progan,mmdgan
1380,progan,progan
1381,progan,real
1382,progan,real
1383,progan,progan
1384,progan,cramergan
1385,progan,progan
1386,progan,sngan
1387,progan,progan
1388,progan,real
1389,progan,real
1390,progan,cramergan
1391,progan,real
1392,progan,progan
1393,progan,real
1394,progan,progan
1395,progan,progan
1396,progan,sngan
1397,progan,real
1398,progan,sngan
1399,progan,real
1400,progan,progan
1401,progan,sngan
1402,progan,real
1403,progan,progan
1404,progan,real
1405,progan,progan
1406,progan,mmdgan
1407,progan,progan
1408,progan,progan
1409,progan,real
1410,progan,real
1411,progan,progan
1412,progan,real
1413,progan,real
1414,progan,progan
1415,progan,mmdgan
1416,progan,mmdgan
1417,progan,progan
1418,progan,real
1419,progan,progan
1420,progan,real
1421,progan,progan
1422,progan,mmdgan
1423,progan,real
1424,progan,real
1425,progan,progan
1426,progan,real
1427,progan,progan
1428,progan,progan
1429,progan,real
1430,progan,real
1431,progan,mmdgan
1432,progan,sngan
1433,progan,real
1434,progan,progan
1435,progan,progan
1436,progan,progan
1437,progan,real
1438,progan,real
1439,progan,real
1440,progan,mmdgan
1441,progan,progan
1442,progan,sngan
1443,progan,mmdgan
1444,progan,progan
1445,progan,real
1446,progan,progan
1447,progan,real
1448,progan,real
1449,progan,mmdgan
1450,progan,progan
1451,progan,real
1452,progan,progan
1453,progan,progan
1454,progan,real
1455,progan,real
1456,progan,real
1457,progan,mmdgan
1458,progan,mmdgan
1459,progan,progan
1460,progan,progan
1461,progan,real
1462,progan,real
1463,progan,real
1464,progan,real
1465,progan,progan
1466,progan,real
1467,progan,mmdgan
1468,progan,real
1469,progan,progan
1470,progan,sngan
1471,progan,progan
1472,progan,real
1473,progan,progan
1474,progan,progan
1475,progan,progan
1476,progan,progan
1477,progan,progan
1478,progan,real
1479,progan,progan
1480,progan,real
1481,progan,progan
1482,progan,progan
1483,progan,real
1484,progan,progan
1485,progan,progan
1486,progan,progan
1487,progan,progan
1488,progan,real
1489,progan,real
1490,progan,real
1491,progan,progan
1492,progan,real
1493,progan,real
1494,progan,progan
1495,progan,progan
1496,progan,progan
1497,progan,real
1498,progan,real
1499,progan,real
1500,real,real
1501,real,real
1502,real,progan
1503,real,mmdgan
1504,real,real
1505,real,real
1506,real,real
1507,real,real
1508,real,real
1509,real,cramergan
1510,real,real
1511,real,cramergan
1512,real,real
1513,real,real
1514,real,mmdgan
1515,real,real
1516,real,real
1517,real,mmdgan
1518,real,real
1519,real,mmdgan
1520,real,progan
1521,real,mmdgan
1522,real,cramergan
1523,real,mmdgan
1524,real,real
1525,real,real
1526,real,real
1527,real,cramergan
1528,real,mmdgan
1529,real,sngan
1530,real,mmdgan
1531,real,real
1532,real,real
1533,real,progan
1534,real,real
1535,real,real
1536,real,sngan
1537,real,real
1538,real,mmdgan
1539,real,mmdgan
1540,real,real
1541,real,real
1542,real,real
1543,real,real
1544,real,real
1545,real,real
1546,real,real
1547,real,sngan
1548,real,mmdgan
1549,real,real
1550,real,real
1551,real,real
1552,real,real
1553,real,sngan
1554,real,real
1555,real,real
1556,real,real
1557,real,progan
1558,real,mmdgan
1559,real,real
1560,real,real
1561,real,mmdgan
1562,real,real
1563,real,mmdgan
1564,real,progan
1565,real,real
1566,real,real
1567,real,mmdgan
1568,real,real
1569,real,real
1570,real,real
1571,real,real
1572,real,progan
1573,real,real
1574,real,real
1575,real,real
1576,real,real
1577,real,mmdgan
1578,real,real
1579,real,real
1580,real,real
1581,real,real
1582,real,real
1583,real,real
1584,real,real
1585,real,real
1586,real,real
1587,real,real
1588,real,real
1589,real,mmdgan
1590,real,real
1591,real,real
1592,real,real
1593,real,real
1594,real,real
1595,real,real
1596,real,real
1597,real,sngan
1598,real,mmdgan
1599,real,sngan
1600,real,progan
1601,real,real
1602,real,real
1603,real,real
1604,real,real
1605,real,mmdgan
1606,real,real
1607,real,real
1608,real,mmdgan
1609,real,real
1610,real,mmdgan
1611,real,real
1612,real,real
1613,real,cramergan
1614,real,real
1615,real,real
1616,real,real
1617,real,real
1618,real,real
1619,real,sngan
1620,real,real
1621,real,real
1622,real,mmdgan
1623,real,real
1624,real,mmdgan
1625,real,real
1626,real,real
1627,real,mmdgan
1628,real,real
1629,real,mmdgan
1630,real,real
1631,real,real
1632,real,real
1633,real,mmdgan
1634,real,real
1635,real,real
1636,real,mmdgan
1637,real,real
1638,real,real
1639,real,sngan
1640,real,real
1641,real,mmdgan
1642,real,real
1643,real,real
1644,real,real
1645,real,real
1646,real,sngan
1647,real,real
1648,real,real
1649,real,cramergan
1650,real,mmdgan
1651,real,mmdgan
1652,real,mmdgan
1653,real,real
1654,real,real
1655,real,real
1656,real,real
1657,real,real
1658,real,real
1659,real,real
1660,real,real
1661,real,real
1662,real,mmdgan
1663,real,mmdgan
1664,real,real
1665,real,mmdgan
1666,real,mmdgan
1667,real,real
1668,real,sngan
1669,real,real
1670,real,mmdgan
1671,real,real
1672,real,real
1673,real,real
1674,real,real
1675,real,real
1676,real,mmdgan
1677,real,real
1678,real,real
1679,real,sngan
1680,real,sngan
1681,real,real
1682,real,real
1683,real,real
1684,real,real
1685,real,real
1686,real,real
1687,real,sngan
1688,real,sngan
1689,real,real
1690,real,real
1691,real,real
1692,real,real
1693,real,real
1694,real,real
1695,real,real
1696,real,real
1697,real,real
1698,real,real
1699,real,progan
1700,real,mmdgan
1701,real,progan
1702,real,sngan
1703,real,mmdgan
1704,real,cramergan
1705,real,real
1706,real,real
1707,real,cramergan
1708,real,real
1709,real,real
1710,real,real
1711,real,real
1712,real,real
1713,real,real
1714,real,mmdgan
1715,real,real
1716,real,real
1717,real,sngan
1718,real,real
1719,real,progan
1720,real,real
1721,real,mmdgan
1722,real,real
1723,real,mmdgan
1724,real,real
1725,real,cramergan
1726,real,real
1727,real,real
1728,real,mmdgan
1729,real,real
1730,real,real
1731,real,real
1732,real,real
1733,real,real
1734,real,real
1735,real,sngan
1736,real,real
1737,real,cramergan
1738,real,real
1739,real,real
1740,real,progan
1741,real,real
1742,real,real
1743,real,real
1744,real,real
1745,real,real
1746,real,real
1747,real,real
1748,real,mmdgan
1749,real,real
1750,real,mmdgan
1751,real,real
1752,real,mmdgan
1753,real,sngan
1754,real,real
1755,real,real
1756,real,real
1757,real,progan
1758,real,real
1759,real,real
1760,real,real
1761,real,sngan
1762,real,real
1763,real,real
1764,real,sngan
1765,real,real
1766,real,progan
1767,real,sngan
1768,real,mmdgan
1769,real,real
1770,real,real
1771,real,mmdgan
1772,real,real
1773,real,cramergan
1774,real,real
1775,real,sngan
1776,real,mmdgan
1777,real,mmdgan
1778,real,mmdgan
1779,real,progan
1780,real,real
1781,real,cramergan
1782,real,real
1783,real,mmdgan
1784,real,mmdgan
1785,real,real
1786,real,real
1787,real,real
1788,real,sngan
1789,real,mmdgan
1790,real,real
1791,real,real
1792,real,real
1793,real,sngan
1794,real,real
1795,real,real
1796,real,real
1797,real,real
1798,real,real
1799,real,mmdgan
1800,real,cramergan
1801,real,real
1802,real,real
1803,real,real
1804,real,mmdgan
1805,real,real
1806,real,real
1807,real,real
1808,real,real
1809,real,real
1810,real,mmdgan
1811,real,real
1812,real,real
1813,real,real
1814,real,mmdgan
1815,real,real
1816,real,real
1817,real,real
1818,real,real
1819,real,real
1820,real,sngan
1821,real,sngan
1822,real,cramergan
1823,real,real
1824,real,real
1825,real,real
1826,real,real
1827,real,real
1828,real,real
1829,real,real
1830,real,real
1831,real,real
1832,real,real
1833,real,real
1834,real,cramergan
1835,real,real
1836,real,real
1837,real,real
1838,real,mmdgan
1839,real,real
1840,real,real
1841,real,real
1842,real,mmdgan
1843,real,real
1844,real,real
1845,real,real
1846,real,progan
1847,real,real
1848,real,sngan
1849,real,real
1850,real,progan
1851,real,real
1852,real,real
1853,real,real
1854,real,real
1855,real,real
1856,real,real
1857,real,sngan
1858,real,real
1859,real,sngan
1860,real,real
1861,real,real
1862,real,real
1863,real,real
1864,real,real
1865,real,real
1866,real,mmdgan
1867,real,real
1868,real,sngan
1869,real,sngan
1870,real,real
1871,real,real
1872,real,mmdgan
1873,real,real
1874,real,progan
1875,real,mmdgan
1876,real,real
1877,real,real
1878,real,mmdgan
1879,real,progan
1880,real,real
1881,real,real
1882,real,real
1883,real,progan
1884,real,real
1885,real,real
1886,real,mmdgan
1887,real,mmdgan
1888,real,real
1889,real,cramergan
1890,real,real
1891,real,real
1892,real,mmdgan
1893,real,real
1894,real,real
1895,real,real
1896,real,progan
1897,real,real
1898,real,mmdgan
1899,real,sngan
1900,real,real
1901,real,real
1902,real,real
1903,real,cramergan
1904,real,real
1905,real,real
1906,real,real
1907,real,real
1908,real,sngan
1909,real,real
1910,real,sngan
1911,real,real
1912,real,real
1913,real,real
1914,real,mmdgan
1915,real,real
1916,real,real
1917,real,mmdgan
1918,real,real
1919,real,real
1920,real,real
1921,real,real
1922,real,real
1923,real,real
1924,real,mmdgan
1925,real,progan
1926,real,mmdgan
1927,real,real
1928,real,mmdgan
1929,real,sngan
1930,real,real
1931,real,real
1932,real,real
1933,real,mmdgan
1934,real,mmdgan
1935,real,mmdgan
1936,real,real
1937,real,real
1938,real,real
1939,real,real
1940,real,mmdgan
1941,real,real
1942,real,mmdgan
1943,real,progan
1944,real,real
1945,real,progan
1946,real,real
1947,real,real
1948,real,mmdgan
1949,real,real
1950,real,real
1951,real,real
1952,real,real
1953,real,real
1954,real,sngan
1955,real,real
1956,real,mmdgan
1957,real,real
1958,real,real
1959,real,real
1960,real,real
1961,real,progan
1962,real,mmdgan
1963,real,real
1964,real,real
1965,real,mmdgan
1966,real,real
1967,real,sngan
1968,real,real
1969,real,real
1970,real,progan
1971,real,progan
1972,real,real
1973,real,mmdgan
1974,real,real
1975,real,progan
1976,real,real
1977,real,real
1978,real,sngan
1979,real,real
1980,real,real
1981,real,real
1982,real,real
1983,real,real
1984,real,real
1985,real,real
1986,real,sngan
1987,real,real
1988,real,real
1989,real,real
1990,real,sngan
1991,real,real
1992,real,mmdgan
1993,real,real
1994,real,real
1995,real,mmdgan
1996,real,real
1997,real,real
1998,real,sngan
1999,real,real
2000,sngan,sngan
2001,sngan,sngan
2002,sngan,real
2003,sngan,sngan
2004,sngan,progan
2005,sngan,sngan
2006,sngan,sngan
2007,sngan,real
2008,sngan,sngan
2009,sngan,sngan
2010,sngan,sngan
2011,sngan,sngan
2012,sngan,sngan
2013,sngan,sngan
2014,sngan,real
2015,sngan,sngan
2016,sngan,real
2017,sngan,sngan
2018,sngan,sngan
2019,sngan,sngan
2020,sngan,sngan
2021,sngan,sngan
2022,sngan,sngan
2023,sngan,sngan
2024,sngan,sngan
2025,sngan,sngan
2026,sngan,sngan
2027,sngan,sngan
2028,sngan,sngan
2029,sngan,sngan
2030,sngan,sngan
2031,sngan,sngan
2032,sngan,sngan
2033,sngan,sngan
2034,sngan,sngan
2035,sngan,mmdgan
2036,sngan,sngan
2037,sngan,sngan
2038,sngan,sngan
2039,sngan,sngan
2040,sngan,sngan
2041,sngan,sngan
2042,sngan,sngan
2043,sngan,sngan
2044,sngan,sngan
2045,sngan,sngan
2046,sngan,sngan
2047,sngan,sngan
2048,sngan,sngan
2049,sngan,sngan
2050,sngan,mmdgan
2051,sngan,sngan
2052,sngan,progan
2053,sngan,sngan
2054,sngan,sngan
2055,sngan,sngan
2056,sngan,sngan
2057,sngan,sngan
2058,sngan,sngan
2059,sngan,sngan
2060,sngan,sngan
2061,sngan,real
2062,sngan,mmdgan
2063,sngan,sngan
2064,sngan,cramergan
2065,sngan,sngan
2066,sngan,sngan
2067,sngan,sngan
2068,sngan,mmdgan
2069,sngan,sngan
2070,sngan,mmdgan
2071,sngan,sngan
2072,sngan,sngan
2073,sngan,real
2074,sngan,sngan
2075,sngan,sngan
2076,sngan,sngan
2077,sngan,sngan
2078,sngan,sngan
2079,sngan,sngan
2080,sngan,sngan
2081,sngan,sngan
2082,sngan,sngan
2083,sngan,mmdgan
2084,sngan,sngan
2085,sngan,real
2086,sngan,sngan
2087,sngan,real
2088,sngan,sngan
2089,sngan,sngan
2090,sngan,real
2091,sngan,sngan
2092,sngan,sngan
2093,sngan,sngan
2094,sngan,sngan
2095,sngan,sngan
2096,sngan,sngan
2097,sngan,real
2098,sngan,sngan
2099,sngan,sngan
2100,sngan,sngan
2101,sngan,sngan
2102,sngan,sngan
2103,sngan,sngan
2104,sngan,sngan
2105,sngan,sngan
2106,sngan,sngan
2107,sngan,sngan
2108,sngan,sngan
2109,sngan,sngan
2110,sngan,sngan
2111,sngan,sngan
2112,sngan,real
2113,sngan,real
2114,sngan,sngan
2115,sngan,sngan
2116,sngan,sngan
2117,sngan,sngan
2118,sngan,sngan
2119,sngan,sngan
2120,sngan,sngan
2121,sngan,sngan
2122,sngan,sngan
2123,sngan,sngan
2124,sngan,sngan
2125,sngan,real
2126,sngan,sngan
2127,sngan,sngan
2128,sngan,progan
2129,sngan,real
2130,sngan,sngan
2131,sngan,sngan
2132,sngan,sngan
2133,sngan,sngan
2134,sngan,sngan
2135,sngan,sngan
2136,sngan,sngan
2137,sngan,sngan
2138,sngan,sngan
2139,sngan,sngan
2140,sngan,sngan
2141,sngan,real
2142,sngan,sngan
2143,sngan,sngan
2144,sngan,sngan
2145,sngan,sngan
2146,sngan,sngan
2147,sngan,sngan
2148,sngan,sngan
2149,sngan,progan
2150,sngan,sngan
2151,sngan,sngan
2152,sngan,mmdgan
2153,sngan,sngan
2154,sngan,sngan
2155,sngan,real
2156,sngan,sngan
2157,sngan,sngan
2158,sngan,sngan
2159,sngan,sngan
2160,sngan,sngan
2161,sngan,real
2162,sngan,real
2163,sngan,sngan
2164,sngan,sngan
2165,sngan,real
2166,sngan,cramergan
2167,sngan,sngan
2168,sngan,sngan
2169,sngan,sngan
2170,sngan,sngan
2171,sngan,sngan
2172,sngan,real
2173,sngan,sngan
2174,sngan,sngan
2175,sngan,real
2176,sngan,sngan
2177,sngan,sngan
2178,sngan,sngan
2179,sngan,sngan
2180,sngan,sngan
2181,sngan,sngan
2182,sngan,sngan
2183,sngan,sngan
2184,sngan,sngan
2185,sngan,sngan
2186,sngan,real
2187,sngan,sngan
2188,sngan,sngan
2189,sngan,sngan
2190,sngan,mmdgan
2191,sngan,real
2192,sngan,sngan
2193,sngan,real
2194,sngan,real
2195,sngan,sngan
2196,sngan,sngan
2197,sngan,sngan
2198,sngan,sngan
2199,sngan,sngan
2200,sngan,real
2201,sngan,sngan
2202,sngan,sngan
2203,sngan,sngan
2204,sngan,sngan
2205,sngan,sngan
2206,sngan,real
2207,sngan,real
2208,sngan,sngan
2209,sngan,sngan
2210,sngan,sngan
2211,sngan,sngan
2212,sngan,sngan
2213,sngan,sngan
2214,sngan,sngan
2215,sngan,real
2216,sngan,sngan
2217,sngan,sngan
2218,sngan,sngan
2219,sngan,sngan
2220,sngan,real
2221,sngan,progan
2222,sngan,sngan
2223,sngan,sngan
2224,sngan,sngan
2225,sngan,sngan
2226,sngan,sngan
2227,sngan,sngan
2228,sngan,sngan
2229,sngan,sngan
2230,sngan,real
2231,sngan,sngan
2232,sngan,sngan
2233,sngan,sngan
2234,sngan,sngan
2235,sngan,sngan
2236,sngan,sngan
2237,sngan,sngan
2238,sngan,sngan
2239,sngan,sngan
2240,sngan,real
2241,sngan,sngan
2242,sngan,sngan
2243,sngan,sngan
2244,sngan,sngan
2245,sngan,sngan
2246,sngan,sngan
2247,sngan,sngan
2248,sngan,sngan
2249,sngan,real
2250,sngan,sngan
2251,sngan,real
2252,sngan,sngan
2253,sngan,sngan
2254,sngan,real
2255,sngan,sngan
2256,sngan,real
2257,sngan,sngan
2258,sngan,sngan
2259,sngan,sngan
2260,sngan,sngan
2261,sngan,sngan
2262,sngan,mmdgan
2263,sngan,sngan
2264,sngan,real
2265,sngan,sngan
2266,sngan,sngan
2267,sngan,sngan
2268,sngan,sngan
2269,sngan,sngan
2270,sngan,sngan
2271,sngan,sngan
2272,sngan,sngan
2273,sngan,sngan
2274,sngan,sngan
2275,sngan,sngan
2276,sngan,sngan
2277,sngan,sngan
2278,sngan,sngan
2279,sngan,sngan
2280,sngan,sngan
2281,sngan,sngan
2282,sngan,sngan
2283,sngan,sngan
2284,sngan,sngan
2285,sngan,sngan
2286,sngan,sngan
2287,sngan,real
2288,sngan,sngan
2289,sngan,sngan
2290,sngan,sngan
2291,sngan,sngan
2292,sngan,sngan
2293,sngan,sngan
2294,sngan,sngan
2295,sngan,sngan
2296,sngan,sngan
2297,sngan,sngan
2298,sngan,sngan
2299,sngan,sngan
2300,sngan,mmdgan
2301,sngan,real
2302,sngan,sngan
2303,sngan,real
2304,sngan,real
2305,sngan,sngan
2306,sngan,real
2307,sngan,real
2308,sngan,sngan
2309,sngan,real
2310,sngan,real
2311,sngan,sngan
2312,sngan,sngan
2313,sngan,sngan
2314,sngan,sngan
2315,sngan,sngan
2316,sngan,real
2317,sngan,sngan
2318,sngan,sngan
2319,sngan,sngan
2320,sngan,sngan
2321,sngan,real
2322,sngan,mmdgan
2323,sngan,sngan
2324,sngan,sngan
2325,sngan,sngan
2326,sngan,sngan
2327,sngan,progan
2328,sngan,sngan
2329,sngan,real
2330,sngan,sngan
2331,sngan,sngan
2332,sngan,sngan
2333,sngan,sngan
2334,sngan,sngan
2335,sngan,sngan
2336,sngan,sngan
2337,sngan,real
2338,sngan,sngan
2339,sngan,mmdgan
2340,sngan,sngan
2341,sngan,sngan
2342,sngan,sngan
2343,sngan,sngan
2344,sngan,sngan
2345,sngan,sngan
2346,sngan,sngan
2347,sngan,real
2348,sngan,sngan
2349,sngan,sngan
2350,sngan,sngan
2351,sngan,sngan
2352,sngan,real
2353,sngan,sngan
2354,sngan,sngan
2355,sngan,sngan
2356,sngan,sngan
2357,sngan,sngan
2358,sngan,sngan
2359,sngan,real
2360,sngan,sngan
2361,sngan,real
2362,sngan,sngan
2363,sngan,sngan
2364,sngan,sngan
2365,sngan,real
2366,sngan,sngan
2367,sngan,sngan
2368,sngan,sngan
2369,sngan,sngan
2370,sngan,real
2371,sngan,sngan
2372,sngan,sngan
2373,sngan,sngan
2374,sngan,sngan
2375,sngan,sngan
2376,sngan,sngan
2377,sngan,sngan
2378,sngan,real
2379,sngan,sngan
2380,sngan,sngan
2381,sngan,sngan
2382,sngan,sngan
2383,sngan,sngan
2384,sngan,sngan
2385,sngan,sngan
2386,sngan,sngan
2387,sngan,sngan
2388,sngan,sngan
2389,sngan,sngan
2390,sngan,sngan
2391,sngan,sngan
2392,sngan,sngan
2393,sngan,sngan
2394,sngan,sngan
2395,sngan,sngan
2396,sngan,sngan
2397,sngan,sngan
2398,sngan,sngan
2399,sngan,sngan
2400,sngan,sngan
2401,sngan,sngan
2402,sngan,sngan
2403,sngan,sngan
2404,sngan,sngan
2405,sngan,sngan
2406,sngan,sngan
2407,sngan,real
2408,sngan,sngan
2409,sngan,sngan
2410,sngan,real
2411,sngan,sngan
2412,sngan,sngan
2413,sngan,sngan
2414,sngan,sngan
2415,sngan,sngan
2416,sngan,sngan
2417,sngan,sngan
2418,sngan,real
2419,sngan,sngan
2420,sngan,real
2421,sngan,sngan
2422,sngan,sngan
2423,sngan,sngan
2424,sngan,sngan
2425,sngan,sngan
2426,sngan,sngan
2427,sngan,sngan
2428,sngan,sngan
2429,sngan,sngan
2430,sngan,sngan
2431,sngan,sngan
2432,sngan,real
2433,sngan,sngan
2434,sngan,sngan
2435,sngan,real
2436,sngan,sngan
2437,sngan,real
2438,sngan,sngan
2439,sngan,sngan
2440,sngan,sngan
2441,sngan,sngan
2442,sngan,real
2443,sngan,sngan
2444,sngan,sngan
2445,sngan,real
2446,sngan,sngan
2447,sngan,real
2448,sngan,sngan
2449,sngan,real
2450,sngan,sngan
2451,sngan,sngan
2452,sngan,sngan
2453,sngan,sngan
2454,sngan,real
2455,sngan,sngan
2456,sngan,mmdgan
2457,sngan,sngan
2458,sngan,sngan
2459,sngan,sngan
2460,sngan,sngan
2461,sngan,sngan
2462,sngan,sngan
2463,sngan,sngan
2464,sngan,sngan
2465,sngan,real
2466,sngan,sngan
2467,sngan,sngan
2468,sngan,sngan
2469,sngan,real
2470,sngan,sngan
2471,sngan,sngan
2472,sngan,sngan
2473,sngan,sngan
2474,sngan,sngan
2475,sngan,sngan
2476,sngan,sngan
2477,sngan,sngan
2478,sngan,sngan
2479,sngan,sngan
2480,sngan,sngan
2481,sngan,sngan
2482,sngan,sngan
2483,sngan,sngan
2484,sngan,sngan
2485,sngan,sngan
2486,sngan,sngan
2487,sngan,sngan
2488,sngan,real
2489,sngan,sngan
2490,sngan,sngan
2491,sngan,sngan
2492,sngan,sngan
2493,sngan,sngan
2494,sngan,real
2495,sngan,sngan
2496,sngan,sngan
2497,sngan,sngan
2498,sngan,real
2499,sngan,sngan
