0,cramergan,mmdgan
1,cramergan,real
2,cramergan,progan
3,cramergan,real
4,cramergan,progan
5,cramergan,real
6,cramergan,cramergan
7,cramergan,real
8,cramergan,real
9,cramergan,real
10,cramergan,real
11,cramergan,real
12,cramergan,real
13,cramergan,real
14,cramergan,real
15,cramergan,progan
16,cramergan,real
17,cramergan,real
18,cramergan,real
19,cramergan,real
20,cramergan,real
21,cramergan,real
22,cramergan,progan
23,cramergan,real
24,cramergan,progan
25,cramergan,real
26,cramergan,real
27,cramergan,real
28,cramergan,progan
29,cramergan,progan
30,cramergan,progan
31,cramergan,progan
32,cramergan,real
33,cramergan,real
34,cramergan,real
35,cramergan,real
36,cramergan,mmdgan
37,cramergan,cramergan
38,cramergan,real
39,cramergan,real
40,cramergan,real
41,cramergan,real
42,cramergan,real
43,cramergan,real
44,cramergan,real
45,cramergan,real
46,cramergan,cramergan
47,cramergan,cramergan
48,cramergan,real
49,cramergan,real
50,cramergan,real
51,cramergan,real
52,cramergan,real
53,cramergan,real
54,cramergan,real
55,cramergan,cramergan
56,cramergan,real
57,cramergan,real
58,cramergan,mmdgan
59,cramergan,real
60,cramergan,progan
61,cramergan,real
62,cramergan,real
63,cramergan,real
64,cramergan,real
65,cramergan,progan
66,cramergan,real
67,cramergan,progan
68,cramergan,real
69,cramergan,real
70,cramergan,progan
71,cramergan,real
72,cramergan,real
73,cramergan,real
74,cramergan,mmdgan
75,cramergan,real
76,cramergan,real
77,cramergan,real
78,cramergan,real
79,cramergan,mmdgan
80,cramergan,cramergan
81,cramergan,real
82,cramergan,real
83,cramergan,real
84,cramergan,real
85,cramergan,real
86,cramergan,real
87,cramergan,mmdgan
88,cramergan,real
89,cramergan,real
90,cramergan,real
91,cramergan,real
92,cramergan,progan
93,cramergan,real
94,cramergan,real
95,cramergan,real
96,cramergan,real
97,cramergan,real
98,cramergan,cramergan
99,cramergan,real
100,cramergan,progan
101,cramergan,real
102,cramergan,real
103,cramergan,mmdgan
104,cramergan,mmdgan
105,cramergan,real
106,cramergan,real
107,cramergan,real
108,cramergan,real
109,cramergan,real
110,cramergan,real
111,cramergan,mmdgan
112,cramergan,real
113,cramergan,real
114,cramergan,cramergan
115,cramergan,real
116,cramergan,real
117,cramergan,real
118,cramergan,real
119,cramergan,cramergan
120,cramergan,real
121,cramergan,real
122,cramergan,real
123,cramergan,real
124,cramergan,real
125,cramergan,real
126,cramergan,real
127,cramergan,real
128,cramergan,real
129,cramergan,real
130,cramergan,real
131,cramergan,real
132,cramergan,real
133,cramergan,real
134,cramergan,real
135,cramergan,mmdgan
136,cramergan,real
137,cramergan,cramergan
138,cramergan,real
139,cramergan,real
140,cramergan,real
141,cramergan,real
142,cramergan,real
143,cramergan,real
144,cramergan,real
145,cramergan,progan
146,cramergan,real
147,cramergan,real
148,cramergan,progan
149,cramergan,real
150,cramergan,progan
151,cramergan,real
152,cramergan,real
153,cramergan,progan
154,cramergan,real
155,cramergan,real
156,cramergan,real
157,cramergan,progan
158,cramergan,progan
159,cramergan,real
160,cramergan,real
161,cramergan,cramergan
162,cramergan,real
163,cramergan,real
164,cramergan,progan
165,cramergan,mmdgan
166,cramergan,real
167,cramergan,real
168,cramergan,real
169,cramergan,real
170,cramergan,mmdgan
171,cramergan,real
172,cramergan,real
173,cramergan,real
174,cramergan,progan
175,cramergan,progan
176,cramergan,mmdgan
177,cramergan,mmdgan
178,cramergan,real
179,cramergan,real
180,cramergan,real
181,cramergan,real
182,cramergan,progan
183,cramergan,real
184,cramergan,real
185,cramergan,real
186,cramergan,real
187,cramergan,real
188,cramergan,real
189,cramergan,real
190,cramergan,real
191,cramergan,progan
192,cramergan,real
193,cramergan,real
194,cramergan,real
195,cramergan,mmdgan
196,cramergan,real
197,cramergan,cramergan
198,cramergan,progan
199,cramergan,real
200,cramergan,real
201,cramergan,real
202,cramergan,real
203,cramergan,real
204,cramergan,real
205,cramergan,real
206,cramergan,cramergan
207,cramergan,real
208,cramergan,progan
209,cramergan,real
210,cramergan,real
211,cramergan,real
212,cramergan,real
213,cramergan,mmdgan
214,cramergan,real
215,cramergan,real
216,cramergan,real
217,cramergan,real
218,cramergan,real
219,cramergan,real
220,cramergan,progan
221,cramergan,real
222,cramergan,real
223,cramergan,progan
224,cramergan,real
225,cramergan,real
226,cramergan,progan
227,cramergan,real
228,cramergan,real
229,cramergan,progan
230,cramergan,mmdgan
231,cramergan,real
232,cramergan,progan
233,cramergan,real
234,cramergan,real
235,cramergan,real
236,cramergan,real
237,cramergan,real
238,cramergan,real
239,cramergan,progan
240,cramergan,real
241,cramergan,mmdgan
242,cramergan,progan
243,cramergan,mmdgan
244,cramergan,real
245,cramergan,real
246,cramergan,real
247,cramergan,real
248,cramergan,real
249,cramergan,real
250,cramergan,progan
251,cramergan,real
252,cramergan,progan
253,cramergan,real
254,cramergan,progan
255,cramergan,mmdgan
256,cramergan,real
257,cramergan,real
258,cramergan,real
259,cramergan,real
260,cramergan,real
261,cramergan,mmdgan
262,cramergan,mmdgan
263,cramergan,real
264,cramergan,real
265,cramergan,mmdgan
266,cramergan,real
267,cramergan,real
268,cramergan,real
269,cramergan,real
270,cramergan,real
271,cramergan,real
272,cramergan,cramergan
273,cramergan,real
274,cramergan,mmdgan
275,cramergan,real
276,cramergan,cramergan
277,cramergan,real
278,cramergan,cramergan
279,cramergan,real
280,cramergan,real
281,cramergan,real
282,cramergan,progan
283,cramergan,real
284,cramergan,progan
285,cramergan,real
286,cramergan,mmdgan
287,cramergan,mmdgan
288,cramergan,real
289,cramergan,real
290,cramergan,real
291,cramergan,real
292,cramergan,real
293,cramergan,real
294,cramergan,real
295,cramergan,real
296,cramergan,real
297,cramergan,progan
298,cramergan,real
299,cramergan,mmdgan
300,cramergan,real
301,cramergan,real
302,cramergan,real
303,cramergan,real
304,cramergan,real
305,cramergan,progan
306,cramergan,real
307,cramergan,mmdgan
308,cramergan,real
309,cramergan,real
310,cramergan,real
311,cramergan,real
312,cramergan,progan
313,cramergan,real
314,cramergan,progan
315,cramergan,mmdgan
316,cramergan,real
317,cramergan,real
318,cramergan,real
319,cramergan,cramergan
320,cramergan,real
321,cramergan,progan
322,cramergan,real
323,cramergan,real
324,cramergan,real
325,cramergan,real
326,cramergan,real
327,cramergan,cramergan
328,cramergan,real
329,cramergan,real
330,cramergan,cramergan
331,cramergan,real
332,cramergan,real
333,cramergan,real
334,cramergan,real
335,cramergan,cramergan
336,cramergan,progan
337,cramergan,real
338,cramergan,real
339,cramergan,real
340,cramergan,real
341,cramergan,real
342,cramergan,real
343,cramergan,real
344,cramergan,progan
345,cramergan,progan
346,cramergan,real
347,cramergan,progan
348,cramergan,real
349,cramergan,real
350,cramergan,mmdgan
351,cramergan,real
352,cramergan,real
353,cramergan,real
354,cramergan,progan
355,cramergan,real
356,cramergan,mmdgan
357,cramergan,real
358,cramergan,real
359,cramergan,real
360,cramergan,progan
361,cramergan,real
362,cramergan,real
363,cramergan,progan
364,cramergan,real
365,cramergan,real
366,cramergan,real
367,cramergan,real
368,cramergan,real
369,cramergan,mmdgan
370,cramergan,progan
371,cramergan,real
372,cramergan,progan
373,cramergan,real
374,cramergan,real
375,cramergan,real
376,cramergan,real
377,cramergan,mmdgan
378,cramergan,progan
379,cramergan,real
380,cramergan,progan
381,cramergan,real
382,cramergan,real
383,cramergan,progan
384,cramergan,real
385,cramergan,real
386,cramergan,real
387,cramergan,cramergan
388,cramergan,mmdgan
389,cramergan,progan
390,cramergan,real
391,cramergan,real
392,cramergan,real
393,cramergan,progan
394,cramergan,real
395,cramergan,real
396,cramergan,real
397,cramergan,real
398,cramergan,real
399,cramergan,real
400,cramergan,mmdgan
401,cramergan,real
402,cramergan,real
403,cramergan,real
404,cramergan,real
405,cramergan,real
406,cramergan,real
407,cramergan,cramergan
408,cramergan,real
409,cramergan,real
410,cramergan,mmdgan
411,cramergan,real
412,cramergan,real
413,cramergan,real
414,cramergan,mmdgan
415,cramergan,real
416,cramergan,progan
417,cramergan,real
418,cramergan,mmdgan
419,cramergan,real
420,cramergan,real
421,cramergan,real
422,cramergan,real
423,cramergan,mmdgan
424,cramergan,mmdgan
425,cramergan,progan
426,cramergan,real
427,cramergan,mmdgan
428,cramergan,real
429,cramergan,progan
430,cramergan,progan
431,cramergan,progan
432,cramergan,real
433,cramergan,cramergan
434,cramergan,real
435,cramergan,real
436,cramergan,real
437,cramergan,real
438,cramergan,mmdgan
439,cramergan,real
440,cramergan,real
441,cramergan,real
442,cramergan,real
443,cramergan,real
444,cramergan,progan
445,cramergan,real
446,cramergan,mmdgan
447,cramergan,real
448,cramergan,real
449,cramergan,real
450,cramergan,real
451,cramergan,mmdgan
452,cramergan,real
453,cramergan,real
454,cramergan,real
455,cramergan,real
456,cramergan,real
457,cramergan,progan
458,cramergan,real
459,cramergan,progan
460,cramergan,mmdgan
461,cramergan,real
462,cramergan,real
463,cramergan,real
464,cramergan,real
465,cramergan,real
466,cramergan,real
467,cramergan,mmdgan
468,cramergan,real
469,cramergan,real
470,cramergan,real
471,cramergan,progan
472,cramergan,real
473,cramergan,mmdgan
474,cramergan,progan
475,cramergan,real
476,cramergan,real
477,cramergan,real
478,cramergan,real
479,cramergan,real
480,cramergan,real
481,cramergan,progan
482,cramergan,real
483,cramergan,mmdgan
484,cramergan,mmdgan
485,cramergan,real
486,cramergan,real
487,cramergan,real
488,cramergan,real
489,cramergan,real
490,cramergan,real
491,cramergan,real
492,cramergan,real
493,cramergan,real
494,cramergan,real
495,cramergan,real
496,cramergan,real
497,cramergan,real
498,cramergan,real
499,cramergan,real
500,mmdgan,real
501,mmdgan,progan
502,mmdgan,real
503,mmdgan,mmdgan
504,mmdgan,mmdgan
505,mmdgan,mmdgan
506,mmdgan,real
507,mmdgan,progan
508,mmdgan,real
509,mmdgan,real
510,mmdgan,real
511,mmdgan,mmdgan
512,mmdgan,mmdgan
513,mmdgan,progan
514,mmdgan,progan
515,mmdgan,progan
516,mmdgan,progan
517,mmdgan,real
518,mmdgan,real
519,mmdgan,real
520,mmdgan,real
521,mmdgan,real
522,mmdgan,real
523,mmdgan,real
524,mmdgan,real
525,mmdgan,progan
526,mmdgan,real
527,mmdgan,mmdgan
528,mmdgan,mmdgan
529,mmdgan,real
530,mmdgan,real
531,mmdgan,mmdgan
532,mmdgan,real
533,mmdgan,real
534,mmdgan,real
535,mmdgan,real
536,mmdgan,real
537,mmdgan,cramergan
538,mmdgan,progan
539,mmdgan,progan
540,mmdgan,progan
541,mmdgan,real
542,mmdgan,real
543,mmdgan,real
544,mmdgan,real
545,mmdgan,real
546,mmdgan,progan
547,mmdgan,progan
548,mmdgan,real
549,mmdgan,real
550,mmdgan,progan
551,mmdgan,real
552,mmdgan,real
553,mmdgan,mmdgan
554,mmdgan,real
555,mmdgan,real
556,mmdgan,real
557,mmdgan,real
558,mmdgan,progan
559,mmdgan,progan
560,mmdgan,real
561,mmdgan,real
562,mmdgan,real
563,mmdgan,mmdgan
564,mmdgan,progan
565,mmdgan,real
566,mmdgan,real
567,mmdgan,real
568,mmdgan,real
569,mmdgan,real
570,mmdgan,real
571,mmdgan,real
572,mmdgan,real
573,mmdgan,real
574,mmdgan,progan
575,mmdgan,progan
576,mmdgan,real
577,mmdgan,progan
578,mmdgan,real
579,mmdgan,real
580,mmdgan,real
581,mmdgan,real
582,mmdgan,progan
583,mmdgan,real
584,mmdgan,real
585,mmdgan,progan
586,mmdgan,real
587,mmdgan,real
588,mmdgan,real
589,mmdgan,mmdgan
590,mmdgan,real
591,mmdgan,real
592,mmdgan,progan
593,mmdgan,real
594,mmdgan,progan
595,mmdgan,real
596,mmdgan,real
597,mmdgan,real
598,mmdgan,real
599,mmdgan,real
600,mmdgan,real
601,mmdgan,real
602,mmdgan,real
603,mmdgan,real
604,mmdgan,real
605,mmdgan,mmdgan
606,mmdgan,real
607,mmdgan,real
608,mmdgan,real
609,mmdgan,real
610,mmdgan,real
611,mmdgan,progan
612,mmdgan,real
613,mmdgan,progan
614,mmdgan,real
615,mmdgan,progan
616,mmdgan,real
617,mmdgan,progan
618,mmdgan,real
619,mmdgan,real
620,mmdgan,real
621,mmdgan,mmdgan
622,mmdgan,mmdgan
623,mmdgan,progan
624,mmdgan,real
625,mmdgan,mmdgan
626,mmdgan,progan
627,mmdgan,mmdgan
628,mmdgan,progan
629,mmdgan,real
630,mmdgan,real
631,mmdgan,real
632,mmdgan,real
633,mmdgan,progan
634,mmdgan,progan
635,mmdgan,real
636,mmdgan,real
637,mmdgan,progan
638,mmdgan,mmdgan
639,mmdgan,real
640,mmdgan,progan
641,mmdgan,progan
642,mmdgan,progan
643,mmdgan,real
644,mmdgan,mmdgan
645,mmdgan,progan
646,mmdgan,real
647,mmdgan,mmdgan
648,mmdgan,mmdgan
649,mmdgan,progan
650,mmdgan,real
651,mmdgan,progan
652,mmdgan,progan
653,mmdgan,real
654,mmdgan,real
655,mmdgan,real
656,mmdgan,real
657,mmdgan,real
658,mmdgan,cramergan
659,mmdgan,progan
660,mmdgan,progan
661,mmdgan,real
662,mmdgan,real
663,mmdgan,mmdgan
664,mmdgan,real
665,mmdgan,real
666,mmdgan,real
667,mmdgan,progan
668,mmdgan,real
669,mmdgan,progan
670,mmdgan,progan
671,mmdgan,progan
672,mmdgan,real
673,mmdgan,real
674,mmdgan,real
675,mmdgan,real
676,mmdgan,real
677,mmdgan,real
678,mmdgan,real
679,mmdgan,real
680,mmdgan,real
681,mmdgan,real
682,mmdgan,real
683,mmdgan,progan
684,mmdgan,real
685,mmdgan,real
686,mmdgan,real
687,mmdgan,real
688,mmdgan,real
689,mmdgan,real
690,mmdgan,real
691,mmdgan,real
692,mmdgan,mmdgan
693,mmdgan,real
694,mmdgan,progan
695,mmdgan,cramergan
696,mmdgan,real
697,mmdgan,real
698,mmdgan,real
699,mmdgan,real
700,mmdgan,real
701,mmdgan,progan
702,mmdgan,progan
703,mmdgan,progan
704,mmdgan,real
705,mmdgan,real
706,mmdgan,real
707,mmdgan,real
708,mmdgan,real
709,mmdgan,mmdgan
710,mmdgan,real
711,mmdgan,progan
712,mmdgan,real
713,mmdgan,progan
714,mmdgan,real
715,mmdgan,progan
716,mmdgan,mmdgan
717,mmdgan,progan
718,mmdgan,real
719,mmdgan,progan
720,mmdgan,real
721,mmdgan,progan
722,mmdgan,real
723,mmdgan,real
724,mmdgan,mmdgan
725,mmdgan,real
726,mmdgan,mmdgan
727,mmdgan,mmdgan
728,mmdgan,real
729,mmdgan,real
730,mmdgan,progan
731,mmdgan,real
732,mmdgan,real
733,mmdgan,real
734,mmdgan,mmdgan
735,mmdgan,real
736,mmdgan,mmdgan
737,mmdgan,real
738,mmdgan,mmdgan
739,mmdgan,progan
740,mmdgan,progan
741,mmdgan,real
742,mmdgan,progan
743,mmdgan,real
744,mmdgan,real
745,mmdgan,mmdgan
746,mmdgan,real
747,mmdgan,real
748,mmdgan,real
749,mmdgan,real
750,mmdgan,real
751,mmdgan,real
752,mmdgan,real
753,mmdgan,real
754,mmdgan,progan
755,mmdgan,mmdgan
756,mmdgan,real
757,mmdgan,real
758,mmdgan,progan
759,mmdgan,cramergan
760,mmdgan,progan
761,mmdgan,cramergan
762,mmdgan,real
763,mmdgan,progan
764,mmdgan,real
765,mmdgan,real
766,mmdgan,real
767,mmdgan,real
768,mmdgan,real
769,mmdgan,real
770,mmdgan,real
771,mmdgan,mmdgan
772,mmdgan,mmdgan
773,mmdgan,mmdgan
774,mmdgan,real
775,mmdgan,real
776,mmdgan,real
777,mmdgan,real
778,mmdgan,real
779,mmdgan,real
780,mmdgan,real
781,mmdgan,progan
782,mmdgan,real
783,mmdgan,real
784,mmdgan,real
785,mmdgan,progan
786,mmdgan,real
787,mmdgan,progan
788,mmdgan,real
789,mmdgan,real
790,mmdgan,real
791,mmdgan,real
792,mmdgan,real
793,mmdgan,progan
794,mmdgan,progan
795,mmdgan,real
796,mmdgan,real
797,mmdgan,progan
798,mmdgan,real
799,mmdgan,progan
800,mmdgan,mmdgan
801,mmdgan,real
802,mmdgan,real
803,mmdgan,real
804,mmdgan,cramergan
805,mmdgan,mmdgan
806,mmdgan,real
807,mmdgan,real
808,mmdgan,real
809,mmdgan,mmdgan
810,mmdgan,cramergan
811,mmdgan,real
812,mmdgan,real
813,mmdgan,progan
814,mmdgan,real
815,mmdgan,mmdgan
816,mmdgan,real
817,mmdgan,real
818,mmdgan,real
819,mmdgan,cramergan
820,mmdgan,real
821,mmdgan,real
822,mmdgan,real
823,mmdgan,real
824,mmdgan,real
825,mmdgan,mmdgan
826,mmdgan,progan
827,mmdgan,real
828,mmdgan,real
829,mmdgan,real
830,mmdgan,progan
831,mmdgan,real
832,mmdgan,real
833,mmdgan,real
834,mmdgan,mmdgan
835,mmdgan,real
836,mmdgan,real
837,mmdgan,real
838,mmdgan,real
839,mmdgan,real
840,mmdgan,real
841,mmdgan,real
842,mmdgan,cramergan
843,mmdgan,real
844,mmdgan,progan
845,mmdgan,real
846,mmdgan,progan
847,mmdgan,real
848,mmdgan,real
849,mmdgan,mmdgan
850,mmdgan,real
851,mmdgan,cramergan
852,mmdgan,real
853,mmdgan,progan
854,mmdgan,mmdgan
855,mmdgan,real
856,mmdgan,real
857,mmdgan,mmdgan
858,mmdgan,real
859,mmdgan,real
860,mmdgan,mmdgan
861,mmdgan,real
862,mmdgan,real
863,mmdgan,progan
864,mmdgan,real
865,mmdgan,progan
866,mmdgan,real
867,mmdgan,real
868,mmdgan,real
869,mmdgan,real
870,mmdgan,progan
871,mmdgan,real
872,mmdgan,real
873,mmdgan,real
874,mmdgan,real
875,mmdgan,real
876,mmdgan,real
877,mmdgan,real
878,mmdgan,mmdgan
879,mmdgan,progan
880,mmdgan,real
881,mmdgan,progan
882,mmdgan,real
883,mmdgan,real
884,mmdgan,mmdgan
885,mmdgan,real
886,mmdgan,mmdgan
887,mmdgan,mmdgan
888,mmdgan,progan
889,mmdgan,real
890,mmdgan,mmdgan
891,mmdgan,real
892,mmdgan,real
893,mmdgan,progan
894,mmdgan,real
895,mmdgan,real
896,mmdgan,real
897,mmdgan,real
898,mmdgan,mmdgan
899,mmdgan,real
900,mmdgan,real
901,mmdgan,real
902,mmdgan,real
903,mmdgan,real
904,mmdgan,real
905,mmdgan,cramergan
906,mmdgan,real
907,mmdgan,real
908,mmdgan,real
909,mmdgan,real
910,mmdgan,real
911,mmdgan,progan
912,mmdgan,real
913,mmdgan,real
914,mmdgan,real
915,mmdgan,real
916,mmdgan,mmdgan
917,mmdgan,real
918,mmdgan,progan
919,mmdgan,real
920,mmdgan,real
921,mmdgan,progan
922,mmdgan,real
923,mmdgan,real
924,mmdgan,real
925,mmdgan,real
926,mmdgan,mmdgan
927,mmdgan,progan
928,mmdgan,real
929,mmdgan,real
930,mmdgan,real
931,mmdgan,progan
932,mmdgan,real
933,mmdgan,real
934,mmdgan,real
935,mmdgan,mmdgan
936,mmdgan,real
937,mmdgan,real
938,mmdgan,real
939,mmdgan,real
940,mmdgan,real
941,mmdgan,real
942,mmdgan,real
943,mmdgan,real
944,mmdgan,progan
945,mmdgan,real
946,mmdgan,progan
947,mmdgan,mmdgan
948,mmdgan,mmdgan
949,mmdgan,real
950,mmdgan,progan
951,mmdgan,progan
952,mmdgan,real
953,mmdgan,real
954,mmdgan,progan
955,mmdgan,mmdgan
956,mmdgan,real
957,mmdgan,real
958,mmdgan,progan
959,mmdgan,mmdgan
960,mmdgan,real
961,mmdgan,mmdgan
962,mmdgan,real
963,mmdgan,real
964,mmdgan,real
965,mmdgan,real
966,mmdgan,real
967,mmdgan,progan
968,mmdgan,progan
969,mmdgan,progan
970,mmdgan,cramergan
971,mmdgan,real
972,mmdgan,mmdgan
973,mmdgan,cramergan
974,mmdgan,real
975,mmdgan,real
976,mmdgan,real
977,mmdgan,real
978,mmdgan,real
979,mmdgan,real
980,mmdgan,real
981,mmdgan,real
982,mmdgan,real
983,mmdgan,real
984,mmdgan,real
985,mmdgan,real
986,mmdgan,progan
987,mmdgan,real
988,mmdgan,real
989,mmdgan,real
990,mmdgan,cramergan
991,mmdgan,real
992,mmdgan,real
993,mmdgan,progan
994,mmdgan,progan
995,mmdgan,mmdgan
996,mmdgan,real
997,mmdgan,mmdgan
998,mmdgan,mmdgan
999,mmdgan,real
1000,progan,real
1001,progan,progan
1002,progan,mmdgan
1003,progan,real
1004,progan,mmdgan
1005,progan,mmdgan
1006,progan,mmdgan
1007,progan,mmdgan
1008,progan,real
1009,progan,real
1010,progan,cramergan
1011,progan,real
1012,progan,real
1013,progan,mmdgan
1014,progan,real
1015,progan,progan
1016,progan,mmdgan
1017,progan,real
1018,progan,real
1019,progan,mmdgan
1020,progan,mmdgan
1021,progan,real
1022,progan,real
1023,progan,real
1024,progan,real
1025,progan,real
1026,progan,real
1027,progan,mmdgan
1028,progan,real
1029,progan,real
1030,progan,real
1031,progan,real
1032,progan,real
1033,progan,cramergan
1034,progan,real
1035,progan,progan
1036,progan,progan
1037,progan,real
1038,progan,real
1039,progan,real
1040,progan,mmdgan
1041,progan,real
1042,progan,real
1043,progan,cramergan
1044,progan,real
1045,progan,mmdgan
1046,progan,real
1047,progan,real
1048,progan,real
1049,progan,mmdgan
1050,progan,progan
1051,progan,real
1052,progan,real
1053,progan,real
1054,progan,real
1055,progan,real
1056,progan,real
1057,progan,real
1058,progan,real
1059,progan,real
1060,progan,progan
1061,progan,real
1062,progan,real
1063,progan,mmdgan
1064,progan,real
1065,progan,real
1066,progan,real
1067,progan,real
1068,progan,real
1069,progan,real
1070,progan,real
1071,progan,real
1072,progan,progan
1073,progan,mmdgan
1074,progan,real
1075,progan,mmdgan
1076,progan,progan
1077,progan,real
1078,progan,real
1079,progan,mmdgan
1080,progan,real
1081,progan,real
1082,progan,real
1083,progan,real
1084,progan,real
1085,progan,real
1086,progan,real
1087,progan,real
1088,progan,real
1089,progan,real
1090,progan,real
1091,progan,real
1092,progan,real
1093,progan,real
1094,progan,real
1095,progan,progan
1096,progan,real
1097,progan,real
1098,progan,real
1099,progan,real
1100,progan,real
1101,progan,real
1102,progan,real
1103,progan,real
1104,progan,real
1105,progan,real
1106,progan,mmdgan
1107,progan,real
1108,progan,real
1109,progan,mmdgan
1110,progan,real
1111,progan,progan
1112,progan,progan
1113,progan,mmdgan
1114,progan,mmdgan
1115,progan,progan
1116,progan,real
1117,progan,real
1118,progan,real
1119,progan,mmdgan
1120,progan,real
1121,progan,real
1122,progan,mmdgan
1123,progan,progan
1124,progan,real
1125,progan,real
1126,progan,mmdgan
1127,progan,progan
1128,progan,real
1129,progan,progan
1130,progan,real
1131,progan,progan
1132,progan,real
1133,progan,mmdgan
1134,progan,real
1135,progan,real
1136,progan,real
1137,progan,real
1138,progan,real
1139,progan,progan
1140,progan,real
1141,progan,real
1142,progan,real
1143,progan,cramergan
1144,progan,progan
1145,progan,progan
1146,progan,real
1147,progan,cramergan
1148,progan,real
1149,progan,mmdgan
1150,progan,real
1151,progan,progan
1152,progan,mmdgan
1153,progan,real
1154,progan,real
1155,progan,real
1156,progan,real
1157,progan,real
1158,progan,real
1159,progan,real
1160,progan,progan
1161,progan,cramergan
1162,progan,real
1163,progan,real
1164,progan,mmdgan
1165,progan,cramergan
1166,progan,progan
1167,progan,real
1168,progan,mmdgan
1169,progan,real
1170,progan,real
1171,progan,real
1172,progan,real
1173,progan,real
1174,progan,real
1175,progan,progan
1176,progan,progan
1177,progan,real
1178,progan,real
1179,progan,real
1180,progan,real
1181,progan,real
1182,progan,real
1183,progan,sngan
1184,progan,real
1185,progan,mmdgan
1186,progan,mmdgan
1187,progan,real
1188,progan,mmdgan
1189,progan,real
1190,progan,real
1191,progan,real
1192,progan,real
1193,progan,real
1194,progan,real
1195,progan,mmdgan
1196,progan,real
1197,progan,real
1198,progan,real
1199,progan,mmdgan
1200,progan,real
1201,progan,real
1202,progan,progan
1203,progan,real
1204,progan,real
1205,progan,mmdgan
1206,progan,real
1207,progan,mmdgan
1208,progan,real
1209,progan,mmdgan
1210,progan,real
1211,progan,real
1212,progan,real
1213,progan,mmdgan
1214,progan,progan
1215,progan,mmdgan
1216,progan,mmdgan
1217,progan,real
1218,progan,real
1219,progan,real
1220,progan,real
1221,progan,real
1222,progan,mmdgan
1223,progan,progan
1224,progan,mmdgan
1225,progan,mmdgan
1226,progan,real
1227,progan,progan
1228,progan,real
1229,progan,progan
1230,progan,real
1231,progan,real
1232,progan,real
1233,progan,real
1234,progan,real
1235,progan,real
1236,progan,real
1237,progan,real
1238,progan,real
1239,progan,progan
1240,progan,real
1241,progan,progan
1242,progan,cramergan
1243,progan,real
1244,progan,real
1245,progan,mmdgan
1246,progan,progan
1247,progan,mmdgan
1248,progan,mmdgan
1249,progan,real
1250,progan,progan
1251,progan,mmdgan
1252,progan,real
1253,progan,mmdgan
1254,progan,real
1255,progan,real
1256,progan,real
1257,progan,real
1258,progan,real
1259,progan,real
1260,progan,real
1261,progan,progan
1262,progan,real
1263,progan,real
1264,progan,real
1265,progan,mmdgan
1266,progan,real
1267,progan,real
1268,progan,real
1269,progan,progan
1270,progan,real
1271,progan,mmdgan
1272,progan,real
1273,progan,real
1274,progan,progan
1275,progan,real
1276,progan,real
1277,progan,real
1278,progan,real
1279,progan,real
1280,progan,real
1281,progan,real
1282,progan,real
1283,progan,real
1284,progan,progan
1285,progan,progan
1286,progan,real
1287,progan,real
1288,progan,mmdgan
1289,progan,progan
1290,progan,progan
1291,progan,real
1292,progan,real
1293,progan,real
1294,progan,progan
1295,progan,progan
1296,progan,real
1297,progan,progan
1298,progan,real
1299,progan,progan
1300,progan,real
1301,progan,real
1302,progan,progan
1303,progan,progan
1304,progan,real
1305,progan,real
1306,progan,real
1307,progan,real
1308,progan,mmdgan
1309,progan,real
1310,progan,mmdgan
1311,progan,real
1312,progan,real
1313,progan,mmdgan
1314,progan,real
1315,progan,real
1316,progan,real
1317,progan,real
1318,progan,real
1319,progan,progan
1320,progan,progan
1321,progan,real
1322,progan,real
1323,progan,progan
1324,progan,real
1325,progan,real
1326,progan,real
1327,progan,real
1328,progan,real
1329,progan,real
1330,progan,progan
1331,progan,real
1332,progan,real
1333,progan,real
1334,progan,cramergan
1335,progan,progan
1336,progan,mmdgan
1337,progan,real
1338,progan,progan
1339,progan,real
1340,progan,mmdgan
1341,progan,progan
1342,progan,progan
1343,progan,real
1344,progan,progan
1345,progan,real
1346,progan,real
1347,progan,mmdgan
1348,progan,real
1349,progan,mmdgan
1350,progan,progan
1351,progan,real
1352,progan,real
1353,progan,real
1354,progan,real
1355,progan,real
1356,progan,real
1357,progan,real
1358,progan,real
1359,progan,real
1360,progan,real
1361,progan,real
1362,progan,real
1363,progan,real
1364,progan,mmdgan
1365,progan,real
1366,progan,mmdgan
1367,progan,real
1368,progan,mmdgan
1369,progan,progan
1370,progan,progan
1371,progan,mmdgan
1372,progan,real
1373,progan,real
1374,progan,mmdgan
1375,progan,progan
1376,progan,real
1377,progan,mmdgan
1378,progan,real
1379,progan,real
1380,progan,real
1381,progan,real
1382,progan,real
1383,progan,real
1384,progan,real
1385,progan,cramergan
1386,progan,cramergan
1387,progan,real
1388,progan,real
1389,progan,mmdgan
1390,progan,real
1391,progan,real
1392,progan,mmdgan
1393,progan,cramergan
1394,progan,real
1395,progan,progan
1396,progan,real
1397,progan,progan
1398,progan,real
1399,progan,real
1400,progan,progan
1401,progan,real
1402,progan,real
1403,progan,real
1404,progan,real
1405,progan,real
1406,progan,cramergan
1407,progan,progan
1408,progan,real
1409,progan,real
1410,progan,real
1411,progan,real
1412,progan,progan
1413,progan,cramergan
1414,progan,real
1415,progan,mmdgan
1416,progan,real
1417,progan,real
1418,progan,real
1419,progan,real
1420,progan,mmdgan
1421,progan,progan
1422,progan,mmdgan
1423,progan,mmdgan
1424,progan,real
1425,progan,real
1426,progan,real
1427,progan,real
1428,progan,mmdgan
1429,progan,progan
1430,progan,real
1431,progan,real
1432,progan,real
1433,progan,real
1434,progan,real
1435,progan,real
1436,progan,real
1437,progan,real
1438,progan,progan
1439,progan,real
1440,progan,real
1441,progan,real
1442,progan,real
1443,progan,real
1444,progan,real
1445,progan,real
1446,progan,real
1447,progan,progan
1448,progan,cramergan
1449,progan,real
1450,progan,real
1451,progan,real
1452,progan,real
1453,progan,mmdgan
1454,progan,real
1455,progan,real
1456,progan,real
1457,progan,real
1458,progan,real
1459,progan,real
1460,progan,real
1461,progan,real
1462,progan,real
1463,progan,real
1464,progan,real
1465,progan,real
1466,progan,real
1467,progan,real
1468,progan,real
1469,progan,real
1470,progan,progan
1471,progan,real
1472,progan,real
1473,progan,progan
1474,progan,real
1475,progan,mmdgan
1476,progan,real
1477,progan,progan
1478,progan,mmdgan
1479,progan,real
1480,progan,real
1481,progan,real
1482,progan,progan
1483,progan,progan
1484,progan,real
1485,progan,mmdgan
1486,progan,real
1487,progan,real
1488,progan,progan
1489,progan,mmdgan
1490,progan,real
1491,progan,real
1492,progan,real
1493,progan,real
1494,progan,progan
1495,progan,real
1496,progan,real
1497,progan,real
1498,progan,real
1499,progan,real
1500,real,mmdgan
1501,real,real
1502,real,mmdgan
1503,real,mmdgan
1504,real,real
1505,real,mmdgan
1506,real,real
1507,real,real
1508,real,real
1509,real,real
1510,real,real
1511,real,real
1512,real,mmdgan
1513,real,mmdgan
1514,real,real
1515,real,real
1516,real,mmdgan
1517,real,real
1518,real,real
1519,real,cramergan
1520,real,mmdgan
1521,real,mmdgan
1522,real,mmdgan
1523,real,mmdgan
1524,real,mmdgan
1525,real,real
1526,real,real
1527,real,real
1528,real,real
1529,real,real
1530,real,real
1531,real,real
1532,real,real
1533,real,real
1534,real,real
1535,real,mmdgan
1536,real,real
1537,real,mmdgan
1538,real,real
1539,real,mmdgan
1540,real,real
1541,real,mmdgan
1542,real,real
1543,real,mmdgan
1544,real,mmdgan
1545,real,real
1546,real,real
1547,real,mmdgan
1548,real,mmdgan
1549,real,real
1550,real,mmdgan
1551,real,real
1552,real,real
1553,real,mmdgan
1554,real,mmdgan
1555,real,real
1556,real,real
1557,real,real
1558,real,mmdgan
1559,real,mmdgan
1560,real,real
1561,real,mmdgan
1562,real,real
1563,real,real
1564,real,real
1565,real,mmdgan
1566,real,real
1567,real,real
1568,real,real
1569,real,mmdgan
1570,real,real
1571,real,progan
1572,real,mmdgan
1573,real,mmdgan
1574,real,mmdgan
1575,real,real
1576,real,real
1577,real,real
1578,real,real
1579,real,mmdgan
1580,real,real
1581,real,real
1582,real,mmdgan
1583,real,real
1584,real,mmdgan
1585,real,real
1586,real,real
1587,real,progan
1588,real,real
1589,real,real
1590,real,mmdgan
1591,real,real
1592,real,real
1593,real,mmdgan
1594,real,mmdgan
1595,real,mmdgan
1596,real,real
1597,real,real
1598,real,mmdgan
1599,real,real
1600,real,real
1601,real,real
1602,real,mmdgan
1603,real,real
1604,real,mmdgan
1605,real,real
1606,real,real
1607,real,real
1608,real,real
1609,real,real
1610,real,mmdgan
1611,real,mmdgan
1612,real,mmdgan
1613,real,real
1614,real,mmdgan
1615,real,mmdgan
1616,real,mmdgan
1617,real,mmdgan
1618,real,real
1619,real,mmdgan
1620,real,mmdgan
1621,real,real
1622,real,mmdgan
1623,real,real
1624,real,real
1625,real,mmdgan
1626,real,real
1627,real,real
1628,real,mmdgan
1629,real,mmdgan
1630,real,real
1631,real,real
1632,real,mmdgan
1633,real,real
1634,real,real
1635,real,real
1636,real,real
1637,real,mmdgan
1638,real,real
1639,real,mmdgan
1640,real,mmdgan
1641,real,real
1642,real,cramergan
1643,real,mmdgan
1644,real,real
1645,real,real
1646,real,mmdgan
1647,real,real
1648,real,real
1649,real,mmdgan
1650,real,real
1651,real,real
1652,real,mmdgan
1653,real,real
1654,real,mmdgan
1655,real,real
1656,real,real
1657,real,real
1658,real,real
1659,real,real
1660,real,real
1661,real,mmdgan
1662,real,real
1663,real,mmdgan
1664,real,real
1665,real,real
1666,real,real
1667,real,real
1668,real,real
1669,real,mmdgan
1670,real,mmdgan
1671,real,real
1672,real,mmdgan
1673,real,real
1674,real,real
1675,real,real
1676,real,real
1677,real,mmdgan
1678,real,real
1679,real,real
1680,real,mmdgan
1681,real,real
1682,real,real
1683,real,real
1684,real,real
1685,real,real
1686,real,real
1687,real,mmdgan
1688,real,mmdgan
1689,real,real
1690,real,mmdgan
1691,real,real
1692,real,mmdgan
1693,real,mmdgan
1694,real,cramergan
1695,real,real
1696,real,mmdgan
1697,real,real
1698,real,mmdgan
1699,real,real
1700,real,real
1701,real,mmdgan
1702,real,real
1703,real,mmdgan
1704,real,real
1705,real,real
1706,real,real
1707,real,real
1708,real,mmdgan
1709,real,real
1710,real,real
1711,real,real
1712,real,mmdgan
1713,real,real
1714,real,real
1715,real,real
1716,real,real
1717,real,mmdgan
1718,real,real
1719,real,progan
1720,real,real
1721,real,real
1722,real,real
1723,real,real
1724,real,real
1725,real,real
1726,real,mmdgan
1727,real,real
1728,real,real
1729,real,real
1730,real,real
1731,real,real
1732,real,mmdgan
1733,real,mmdgan
1734,real,mmdgan
1735,real,real
1736,real,real
1737,real,real
1738,real,progan
1739,real,real
1740,real,real
1741,real,real
1742,real,real
1743,real,mmdgan
1744,real,real
1745,real,real
1746,real,mmdgan
1747,real,mmdgan
1748,real,real
1749,real,mmdgan
1750,real,real
1751,real,mmdgan
1752,real,mmdgan
1753,real,real
1754,real,mmdgan
1755,real,real
1756,real,real
1757,real,mmdgan
1758,real,mmdgan
1759,real,real
1760,real,mmdgan
1761,real,real
1762,real,real
1763,real,real
1764,real,real
1765,real,real
1766,real,mmdgan
1767,real,mmdgan
1768,real,mmdgan
1769,real,real
1770,real,real
1771,real,real
1772,real,real
1773,real,mmdgan
1774,real,real
1775,real,mmdgan
1776,real,mmdgan
1777,real,mmdgan
1778,real,mmdgan
1779,real,real
1780,real,real
1781,real,mmdgan
1782,real,real
1783,real,real
1784,real,real
1785,real,real
1786,real,mmdgan
1787,real,real
1788,real,mmdgan
1789,real,real
1790,real,mmdgan
1791,real,real
1792,real,mmdgan
1793,real,mmdgan
1794,real,real
1795,real,real
1796,real,real
1797,real,real
1798,real,progan
1799,real,mmdgan
1800,real,real
1801,real,real
1802,real,progan
1803,real,real
1804,real,mmdgan
1805,real,real
1806,real,mmdgan
1807,real,real
1808,real,real
1809,real,real
1810,real,real
1811,real,mmdgan
1812,real,real
1813,real,real
1814,real,mmdgan
1815,real,real
1816,real,real
1817,real,real
1818,real,real
1819,real,mmdgan
1820,real,real
1821,real,mmdgan
1822,real,mmdgan
1823,real,mmdgan
1824,real,real
1825,real,mmdgan
1826,real,real
1827,real,mmdgan
1828,real,real
1829,real,real
1830,real,real
1831,real,real
1832,real,real
1833,real,mmdgan
1834,real,real
1835,real,mmdgan
1836,real,progan
1837,real,real
1838,real,real
1839,real,mmdgan
1840,real,mmdgan
1841,real,mmdgan
1842,real,mmdgan
1843,real,mmdgan
1844,real,real
1845,real,real
1846,real,mmdgan
1847,real,mmdgan
1848,real,real
1849,real,real
1850,real,real
1851,real,mmdgan
1852,real,mmdgan
1853,real,real
1854,real,mmdgan
1855,real,real
1856,real,real
1857,real,mmdgan
1858,real,real
1859,real,real
1860,real,real
1861,real,real
1862,real,real
1863,real,mmdgan
1864,real,real
1865,real,real
1866,real,mmdgan
1867,real,real
1868,real,real
1869,real,real
1870,real,real
1871,real,real
1872,real,real
1873,real,real
1874,real,mmdgan
1875,real,real
1876,real,mmdgan
1877,real,mmdgan
1878,real,real
1879,real,mmdgan
1880,real,real
1881,real,mmdgan
1882,real,real
1883,real,real
1884,real,mmdgan
1885,real,mmdgan
1886,real,mmdgan
1887,real,mmdgan
1888,real,real
1889,real,real
1890,real,mmdgan
1891,real,real
1892,real,real
1893,real,mmdgan
1894,real,mmdgan
1895,real,mmdgan
1896,real,real
1897,real,real
1898,real,real
1899,real,real
1900,real,progan
1901,real,mmdgan
1902,real,real
1903,real,real
1904,real,mmdgan
1905,real,real
1906,real,mmdgan
1907,real,real
1908,real,real
1909,real,mmdgan
1910,real,real
1911,real,real
1912,real,mmdgan
1913,real,real
1914,real,real
1915,real,real
1916,real,real
1917,real,mmdgan
1918,real,real
1919,real,real
1920,real,progan
1921,real,real
1922,real,mmdgan
1923,real,real
1924,real,mmdgan
1925,real,mmdgan
1926,real,mmdgan
1927,real,real
1928,real,real
1929,real,real
1930,real,mmdgan
1931,real,real
1932,real,mmdgan
1933,real,real
1934,real,mmdgan
1935,real,real
1936,real,mmdgan
1937,real,mmdgan
1938,real,real
1939,real,real
1940,real,real
1941,real,real
1942,real,mmdgan
1943,real,real
1944,real,mmdgan
1945,real,real
1946,real,mmdgan
1947,real,real
1948,real,real
1949,real,mmdgan
1950,real,real
1951,real,progan
1952,real,real
1953,real,real
1954,real,real
1955,real,real
1956,real,real
1957,real,progan
1958,real,mmdgan
1959,real,real
1960,real,real
1961,real,mmdgan
1962,real,real
1963,real,mmdgan
1964,real,real
1965,real,real
1966,real,mmdgan
1967,real,mmdgan
1968,real,real
1969,real,real
1970,real,real
1971,real,real
1972,real,real
1973,real,mmdgan
1974,real,real
1975,real,real
1976,real,mmdgan
1977,real,real
1978,real,mmdgan
1979,real,real
1980,real,mmdgan
1981,real,real
1982,real,real
1983,real,real
1984,real,real
1985,real,real
1986,real,mmdgan
1987,real,mmdgan
1988,real,real
1989,real,real
1990,real,real
1991,real,real
1992,real,mmdgan
1993,real,real
1994,real,mmdgan
1995,real,real
1996,real,real
1997,real,real
1998,real,mmdgan
1999,real,mmdgan
2000,sngan,real
2001,sngan,real
2002,sngan,real
2003,sngan,real
2004,sngan,progan
2005,sngan,mmdgan
2006,sngan,mmdgan
2007,sngan,cramergan
2008,sngan,real
2009,sngan,real
2010,sngan,real
2011,sngan,real
2012,sngan,mmdgan
2013,sngan,real
2014,sngan,real
2015,sngan,real
2016,sngan,real
2017,sngan,mmdgan
2018,sngan,real
2019,sngan,mmdgan
2020,sngan,real
2021,sngan,cramergan
2022,sngan,progan
2023,sngan,real
2024,sngan,progan
2025,sngan,real
2026,sngan,progan
2027,sngan,mmdgan
2028,sngan,real
2029,sngan,progan
2030,sngan,real
2031,sngan,mmdgan
2032,sngan,real
2033,sngan,progan
2034,sngan,real
2035,sngan,cramergan
2036,sngan,real
2037,sngan,progan
2038,sngan,real
2039,sngan,real
2040,sngan,real
2041,sngan,real
2042,sngan,progan
2043,sngan,real
2044,sngan,real
2045,sngan,progan
2046,sngan,real
2047,sngan,progan
2048,sngan,real
2049,sngan,mmdgan
2050,sngan,mmdgan
2051,sngan,mmdgan
2052,sngan,real
2053,sngan,real
2054,sngan,real
2055,sngan,real
2056,sngan,progan
2057,sngan,real
2058,sngan,progan
2059,sngan,real
2060,sngan,progan
2061,sngan,real
2062,sngan,real
2063,sngan,real
2064,sngan,real
2065,sngan,real
2066,sngan,mmdgan
2067,sngan,real
2068,sngan,real
2069,sngan,real
2070,sngan,mmdgan
2071,sngan,real
2072,sngan,mmdgan
2073,sngan,progan
2074,sngan,mmdgan
2075,sngan,real
2076,sngan,progan
2077,sngan,real
2078,sngan,real
2079,sngan,mmdgan
2080,sngan,progan
2081,sngan,real
2082,sngan,real
2083,sngan,progan
2084,sngan,real
2085,sngan,real
2086,sngan,real
2087,sngan,real
2088,sngan,progan
2089,sngan,progan
2090,sngan,mmdgan
2091,sngan,progan
2092,sngan,mmdgan
2093,sngan,progan
2094,sngan,progan
2095,sngan,progan
2096,sngan,real
2097,sngan,mmdgan
2098,sngan,real
2099,sngan,mmdgan
2100,sngan,mmdgan
2101,sngan,progan
2102,sngan,real
2103,sngan,mmdgan
2104,sngan,real
2105,sngan,real
2106,sngan,real
2107,sngan,real
2108,sngan,cramergan
2109,sngan,real
2110,sngan,mmdgan
2111,sngan,mmdgan
2112,sngan,real
2113,sngan,real
2114,sngan,real
2115,sngan,real
2116,sngan,real
2117,sngan,real
2118,sngan,progan
2119,sngan,real
2120,sngan,real
2121,sngan,real
2122,sngan,real
2123,sngan,mmdgan
2124,sngan,mmdgan
2125,sngan,real
2126,sngan,real
2127,sngan,real
2128,sngan,progan
2129,sngan,mmdgan
2130,sngan,real
2131,sngan,mmdgan
2132,sngan,real
2133,sngan,mmdgan
2134,sngan,progan
2135,sngan,real
2136,sngan,real
2137,sngan,mmdgan
2138,sngan,real
2139,sngan,real
2140,sngan,real
2141,sngan,real
2142,sngan,progan
2143,sngan,mmdgan
2144,sngan,real
2145,sngan,real
2146,sngan,real
2147,sngan,cramergan
2148,sngan,progan
2149,sngan,real
2150,sngan,progan
2151,sngan,mmdgan
2152,sngan,mmdgan
2153,sngan,real
2154,sngan,real
2155,sngan,real
2156,sngan,real
2157,sngan,mmdgan
2158,sngan,progan
2159,sngan,progan
2160,sngan,real
2161,sngan,real
2162,sngan,progan
2163,sngan,real
2164,sngan,real
2165,sngan,real
2166,sngan,cramergan
2167,sngan,real
2168,sngan,real
2169,sngan,cramergan
2170,sngan,mmdgan
2171,sngan,real
2172,sngan,real
2173,sngan,real
2174,sngan,real
2175,sngan,mmdgan
2176,sngan,progan
2177,sngan,progan
2178,sngan,real
2179,sngan,progan
2180,sngan,real
2181,sngan,mmdgan
2182,sngan,real
2183,sngan,real
2184,sngan,real
2185,sngan,mmdgan
2186,sngan,real
2187,sngan,real
2188,sngan,real
2189,sngan,mmdgan
2190,sngan,real
2191,sngan,real
2192,sngan,mmdgan
2193,sngan,progan
2194,sngan,progan
2195,sngan,real
2196,sngan,real
2197,sngan,real
2198,sngan,real
2199,sngan,real
2200,sngan,mmdgan
2201,sngan,mmdgan
2202,sngan,real
2203,sngan,real
2204,sngan,progan
2205,sngan,real
2206,sngan,real
2207,sngan,real
2208,sngan,progan
2209,sngan,real
2210,sngan,real
2211,sngan,real
2212,sngan,real
2213,sngan,real
2214,sngan,progan
2215,sngan,real
2216,sngan,real
2217,sngan,real
2218,sngan,real
2219,sngan,real
2220,sngan,real
2221,sngan,mmdgan
2222,sngan,real
2223,sngan,progan
2224,sngan,real
2225,sngan,progan
2226,sngan,real
2227,sngan,progan
2228,sngan,cramergan
2229,sngan,real
2230,sngan,progan
2231,sngan,real
2232,sngan,mmdgan
2233,sngan,real
2234,sngan,cramergan
2235,sngan,real
2236,sngan,real
2237,sngan,progan
2238,sngan,real
2239,sngan,real
2240,sngan,real
2241,sngan,mmdgan
2242,sngan,real
2243,sngan,mmdgan
2244,sngan,real
2245,sngan,real
2246,sngan,progan
2247,sngan,real
2248,sngan,real
2249,sngan,real
2250,sngan,real
2251,sngan,real
2252,sngan,real
2253,sngan,real
2254,sngan,progan
2255,sngan,real
2256,sngan,real
2257,sngan,progan
2258,sngan,mmdgan
2259,sngan,real
2260,sngan,real
2261,sngan,mmdgan
2262,sngan,real
2263,sngan,mmdgan
2264,sngan,progan
2265,sngan,real
2266,sngan,real
2267,sngan,real
2268,sngan,real
2269,sngan,real
2270,sngan,progan
2271,sngan,real
2272,sngan,real
2273,sngan,mmdgan
2274,sngan,progan
2275,sngan,real
2276,sngan,progan
2277,sngan,real
2278,sngan,real
2279,sngan,progan
2280,sngan,real
2281,sngan,real
2282,sngan,real
2283,sngan,real
2284,sngan,real
2285,sngan,progan
2286,sngan,real
2287,sngan,real
2288,sngan,real
2289,sngan,real
2290,sngan,real
2291,sngan,real
2292,sngan,real
2293,sngan,real
2294,sngan,real
2295,sngan,real
2296,sngan,real
2297,sngan,cramergan
2298,sngan,real
2299,sngan,real
2300,sngan,real
2301,sngan,progan
2302,sngan,mmdgan
2303,sngan,progan
2304,sngan,real
2305,sngan,real
2306,sngan,real
2307,sngan,progan
2308,sngan,real
2309,sngan,real
2310,sngan,progan
2311,sngan,real
2312,sngan,real
2313,sngan,real
2314,sngan,real
2315,sngan,real
2316,sngan,progan
2317,sngan,real
2318,sngan,real
2319,sngan,progan
2320,sngan,real
2321,sngan,mmdgan
2322,sngan,real
2323,sngan,real
2324,sngan,real
2325,sngan,real
2326,sngan,progan
2327,sngan,real
2328,sngan,real
2329,sngan,mmdgan
2330,sngan,real
2331,sngan,real
2332,sngan,real
2333,sngan,real
2334,sngan,real
2335,sngan,progan
2336,sngan,mmdgan
2337,sngan,real
2338,sngan,mmdgan
2339,sngan,real
2340,sngan,progan
2341,sngan,progan
2342,sngan,real
2343,sngan,real
2344,sngan,real
2345,sngan,real
2346,sngan,mmdgan
2347,sngan,mmdgan
2348,sngan,progan
2349,sngan,real
2350,sngan,real
2351,sngan,real
2352,sngan,mmdgan
2353,sngan,real
2354,sngan,real
2355,sngan,real
2356,sngan,cramergan
2357,sngan,progan
2358,sngan,real
2359,sngan,real
2360,sngan,progan
2361,sngan,real
2362,sngan,real
2363,sngan,real
2364,sngan,progan
2365,sngan,real
2366,sngan,cramergan
2367,sngan,real
2368,sngan,real
2369,sngan,mmdgan
2370,sngan,real
2371,sngan,real
2372,sngan,real
2373,sngan,real
2374,sngan,real
2375,sngan,real
2376,sngan,mmdgan
2377,sngan,real
2378,sngan,real
2379,sngan,real
2380,sngan,real
2381,sngan,progan
2382,sngan,real
2383,sngan,mmdgan
2384,sngan,real
2385,sngan,real
2386,sngan,real
2387,sngan,real
2388,sngan,progan
2389,sngan,progan
2390,sngan,mmdgan
2391,sngan,real
2392,sngan,real
2393,sngan,progan
2394,sngan,progan
2395,sngan,cramergan
2396,sngan,real
2397,sngan,real
2398,sngan,real
2399,sngan,real
2400,sngan,real
2401,sngan,real
2402,sngan,mmdgan
2403,sngan,cramergan
2404,sngan,mmdgan
2405,sngan,real
2406,sngan,progan
2407,sngan,real
2408,sngan,mmdgan
2409,sngan,mmdgan
2410,sngan,progan
2411,sngan,real
2412,sngan,real
2413,sngan,progan
2414,sngan,real
2415,sngan,real
2416,sngan,real
2417,sngan,real
2418,sngan,real
2419,sngan,real
2420,sngan,real
2421,sngan,real
2422,sngan,real
2423,sngan,real
2424,sngan,cramergan
2425,sngan,real
2426,sngan,cramergan
2427,sngan,mmdgan
2428,sngan,progan
2429,sngan,real
2430,sngan,cramergan
2431,sngan,mmdgan
2432,sngan,real
2433,sngan,real
2434,sngan,mmdgan
2435,sngan,progan
2436,sngan,real
2437,sngan,mmdgan
2438,sngan,progan
2439,sngan,real
2440,sngan,real
2441,sngan,progan
2442,sngan,real
2443,sngan,cramergan
2444,sngan,real
2445,sngan,real
2446,sngan,progan
2447,sngan,real
2448,sngan,real
2449,sngan,real
2450,sngan,real
2451,sngan,real
2452,sngan,progan
2453,sngan,real
2454,sngan,real
2455,sngan,real
2456,sngan,real
2457,sngan,real
2458,sngan,progan
2459,sngan,mmdgan
2460,sngan,real
2461,sngan,real
2462,sngan,real
2463,sngan,real
2464,sngan,mmdgan
2465,sngan,real
2466,sngan,real
2467,sngan,real
2468,sngan,real
2469,sngan,mmdgan
2470,sngan,real
2471,sngan,real
2472,sngan,real
2473,sngan,real
2474,sngan,progan
2475,sngan,progan
2476,sngan,real
2477,sngan,real
2478,sngan,real
2479,sngan,real
2480,sngan,real
2481,sngan,real
2482,sngan,real
2483,sngan,real
2484,sngan,progan
2485,sngan,real
2486,sngan,real
2487,sngan,real
2488,sngan,real
2489,sngan,real
2490,sngan,real
2491,sngan,progan
2492,sngan,progan
2493,sngan,real
2494,sngan,real
2495,sngan,real
2496,sngan,real
2497,sngan,real
2498,sngan,mmdgan
2499,sngan,real
