0,cramergan,celeba
1,cramergan,celeba
2,cramergan,celeba
3,cramergan,progan
4,cramergan,cramergan
5,cramergan,celeba
6,cramergan,celeba
7,cramergan,celeba
8,cramergan,celeba
9,cramergan,celeba
10,cramergan,celeba
11,cramergan,progan
12,cramergan,celeba
13,cramergan,celeba
14,cramergan,mmdgan
15,cramergan,celeba
16,cramergan,progan
17,cramergan,celeba
18,cramergan,celeba
19,cramergan,celeba
20,cramergan,celeba
21,cramergan,celeba
22,cramergan,celeba
23,cramergan,progan
24,cramergan,celeba
25,cramergan,celeba
26,cramergan,celeba
27,cramergan,cramergan
28,cramergan,celeba
29,cramergan,progan
30,cramergan,celeba
31,cramergan,celeba
32,cramergan,celeba
33,cramergan,mmdgan
34,cramergan,celeba
35,cramergan,progan
36,cramergan,progan
37,cramergan,celeba
38,cramergan,mmdgan
39,cramergan,progan
40,cramergan,celeba
41,cramergan,celeba
42,cramergan,celeba
43,cramergan,celeba
44,cramergan,celeba
45,cramergan,celeba
46,cramergan,celeba
47,cramergan,progan
48,cramergan,progan
49,cramergan,progan
50,cramergan,celeba
51,cramergan,celeba
52,cramergan,celeba
53,cramergan,celeba
54,cramergan,celeba
55,cramergan,progan
56,cramergan,celeba
57,cramergan,cramergan
58,cramergan,mmdgan
59,cramergan,progan
60,cramergan,celeba
61,cramergan,celeba
62,cramergan,celeba
63,cramergan,progan
64,cramergan,progan
65,cramergan,celeba
66,cramergan,celeba
67,cramergan,celeba
68,cramergan,mmdgan
69,cramergan,celeba
70,cramergan,progan
71,cramergan,celeba
72,cramergan,celeba
73,cramergan,celeba
74,cramergan,celeba
75,cramergan,mmdgan
76,cramergan,progan
77,cramergan,celeba
78,cramergan,progan
79,cramergan,mmdgan
80,cramergan,mmdgan
81,cramergan,celeba
82,cramergan,celeba
83,cramergan,celeba
84,cramergan,celeba
85,cramergan,cramergan
86,cramergan,mmdgan
87,cramergan,celeba
88,cramergan,progan
89,cramergan,progan
90,cramergan,celeba
91,cramergan,celeba
92,cramergan,celeba
93,cramergan,celeba
94,cramergan,celeba
95,cramergan,celeba
96,cramergan,celeba
97,cramergan,celeba
98,cramergan,celeba
99,cramergan,progan
100,cramergan,celeba
101,cramergan,mmdgan
102,cramergan,celeba
103,cramergan,celeba
104,cramergan,progan
105,cramergan,celeba
106,cramergan,progan
107,cramergan,celeba
108,cramergan,progan
109,cramergan,progan
110,cramergan,celeba
111,cramergan,celeba
112,cramergan,progan
113,cramergan,cramergan
114,cramergan,celeba
115,cramergan,progan
116,cramergan,progan
117,cramergan,celeba
118,cramergan,celeba
119,cramergan,progan
120,cramergan,progan
121,cramergan,celeba
122,cramergan,celeba
123,cramergan,celeba
124,cramergan,progan
125,cramergan,celeba
126,cramergan,mmdgan
127,cramergan,progan
128,cramergan,celeba
129,cramergan,celeba
130,cramergan,progan
131,cramergan,celeba
132,cramergan,celeba
133,cramergan,progan
134,cramergan,celeba
135,cramergan,progan
136,cramergan,celeba
137,cramergan,celeba
138,cramergan,progan
139,cramergan,progan
140,cramergan,celeba
141,cramergan,celeba
142,cramergan,celeba
143,cramergan,mmdgan
144,cramergan,celeba
145,cramergan,cramergan
146,cramergan,progan
147,cramergan,celeba
148,cramergan,progan
149,cramergan,mmdgan
150,cramergan,mmdgan
151,cramergan,celeba
152,cramergan,celeba
153,cramergan,celeba
154,cramergan,mmdgan
155,cramergan,progan
156,cramergan,celeba
157,cramergan,celeba
158,cramergan,celeba
159,cramergan,mmdgan
160,cramergan,progan
161,cramergan,celeba
162,cramergan,celeba
163,cramergan,progan
164,cramergan,cramergan
165,cramergan,progan
166,cramergan,progan
167,cramergan,celeba
168,cramergan,celeba
169,cramergan,progan
170,cramergan,celeba
171,cramergan,progan
172,cramergan,mmdgan
173,cramergan,celeba
174,cramergan,progan
175,cramergan,celeba
176,cramergan,celeba
177,cramergan,mmdgan
178,cramergan,celeba
179,cramergan,celeba
180,cramergan,celeba
181,cramergan,celeba
182,cramergan,celeba
183,cramergan,progan
184,cramergan,celeba
185,cramergan,celeba
186,cramergan,mmdgan
187,cramergan,cramergan
188,cramergan,celeba
189,cramergan,celeba
190,cramergan,progan
191,cramergan,celeba
192,cramergan,celeba
193,cramergan,mmdgan
194,cramergan,progan
195,cramergan,celeba
196,cramergan,celeba
197,cramergan,cramergan
198,cramergan,celeba
199,cramergan,celeba
200,cramergan,celeba
201,cramergan,cramergan
202,cramergan,progan
203,cramergan,progan
204,cramergan,celeba
205,cramergan,mmdgan
206,cramergan,celeba
207,cramergan,celeba
208,cramergan,celeba
209,cramergan,progan
210,cramergan,cramergan
211,cramergan,celeba
212,cramergan,celeba
213,cramergan,celeba
214,cramergan,celeba
215,cramergan,celeba
216,cramergan,celeba
217,cramergan,celeba
218,cramergan,celeba
219,cramergan,cramergan
220,cramergan,celeba
221,cramergan,celeba
222,cramergan,celeba
223,cramergan,celeba
224,cramergan,progan
225,cramergan,celeba
226,cramergan,celeba
227,cramergan,celeba
228,cramergan,celeba
229,cramergan,progan
230,cramergan,celeba
231,cramergan,celeba
232,cramergan,celeba
233,cramergan,progan
234,cramergan,celeba
235,cramergan,celeba
236,cramergan,celeba
237,cramergan,celeba
238,cramergan,celeba
239,cramergan,celeba
240,cramergan,celeba
241,cramergan,celeba
242,cramergan,celeba
243,cramergan,progan
244,cramergan,celeba
245,cramergan,mmdgan
246,cramergan,celeba
247,cramergan,celeba
248,cramergan,progan
249,cramergan,celeba
250,cramergan,celeba
251,cramergan,celeba
252,cramergan,celeba
253,cramergan,mmdgan
254,cramergan,celeba
255,cramergan,celeba
256,cramergan,celeba
257,cramergan,celeba
258,cramergan,celeba
259,cramergan,progan
260,cramergan,progan
261,cramergan,celeba
262,cramergan,celeba
263,cramergan,progan
264,cramergan,celeba
265,cramergan,celeba
266,cramergan,progan
267,cramergan,celeba
268,cramergan,celeba
269,cramergan,celeba
270,cramergan,progan
271,cramergan,progan
272,cramergan,celeba
273,cramergan,sngan
274,cramergan,progan
275,cramergan,celeba
276,cramergan,progan
277,cramergan,celeba
278,cramergan,celeba
279,cramergan,celeba
280,cramergan,mmdgan
281,cramergan,celeba
282,cramergan,celeba
283,cramergan,celeba
284,cramergan,mmdgan
285,cramergan,celeba
286,cramergan,progan
287,cramergan,celeba
288,cramergan,progan
289,cramergan,celeba
290,cramergan,celeba
291,cramergan,celeba
292,cramergan,mmdgan
293,cramergan,celeba
294,cramergan,mmdgan
295,cramergan,celeba
296,cramergan,progan
297,cramergan,mmdgan
298,cramergan,progan
299,cramergan,progan
300,cramergan,celeba
301,cramergan,celeba
302,cramergan,celeba
303,cramergan,celeba
304,cramergan,cramergan
305,cramergan,progan
306,cramergan,progan
307,cramergan,celeba
308,cramergan,celeba
309,cramergan,progan
310,cramergan,progan
311,cramergan,mmdgan
312,cramergan,mmdgan
313,cramergan,cramergan
314,cramergan,celeba
315,cramergan,celeba
316,cramergan,celeba
317,cramergan,celeba
318,cramergan,celeba
319,cramergan,celeba
320,cramergan,celeba
321,cramergan,celeba
322,cramergan,celeba
323,cramergan,celeba
324,cramergan,celeba
325,cramergan,celeba
326,cramergan,progan
327,cramergan,celeba
328,cramergan,progan
329,cramergan,celeba
330,cramergan,celeba
331,cramergan,celeba
332,cramergan,celeba
333,cramergan,celeba
334,cramergan,celeba
335,cramergan,celeba
336,cramergan,celeba
337,cramergan,celeba
338,cramergan,cramergan
339,cramergan,celeba
340,cramergan,celeba
341,cramergan,celeba
342,cramergan,celeba
343,cramergan,progan
344,cramergan,celeba
345,cramergan,progan
346,cramergan,celeba
347,cramergan,celeba
348,cramergan,cramergan
349,cramergan,celeba
350,cramergan,celeba
351,cramergan,celeba
352,cramergan,celeba
353,cramergan,celeba
354,cramergan,mmdgan
355,cramergan,celeba
356,cramergan,celeba
357,cramergan,celeba
358,cramergan,celeba
359,cramergan,celeba
360,cramergan,celeba
361,cramergan,celeba
362,cramergan,celeba
363,cramergan,celeba
364,cramergan,progan
365,cramergan,celeba
366,cramergan,celeba
367,cramergan,celeba
368,cramergan,celeba
369,cramergan,celeba
370,cramergan,celeba
371,cramergan,celeba
372,cramergan,celeba
373,cramergan,celeba
374,cramergan,progan
375,cramergan,celeba
376,cramergan,progan
377,cramergan,celeba
378,cramergan,cramergan
379,cramergan,celeba
380,cramergan,mmdgan
381,cramergan,mmdgan
382,cramergan,progan
383,cramergan,celeba
384,cramergan,celeba
385,cramergan,mmdgan
386,cramergan,celeba
387,cramergan,celeba
388,cramergan,celeba
389,cramergan,celeba
390,cramergan,celeba
391,cramergan,celeba
392,cramergan,mmdgan
393,cramergan,progan
394,cramergan,celeba
395,cramergan,celeba
396,cramergan,celeba
397,cramergan,mmdgan
398,cramergan,progan
399,cramergan,celeba
400,cramergan,progan
401,cramergan,progan
402,cramergan,progan
403,cramergan,cramergan
404,cramergan,celeba
405,cramergan,celeba
406,cramergan,progan
407,cramergan,mmdgan
408,cramergan,celeba
409,cramergan,cramergan
410,cramergan,celeba
411,cramergan,celeba
412,cramergan,celeba
413,cramergan,progan
414,cramergan,mmdgan
415,cramergan,celeba
416,cramergan,progan
417,cramergan,celeba
418,cramergan,celeba
419,cramergan,celeba
420,cramergan,celeba
421,cramergan,celeba
422,cramergan,progan
423,cramergan,celeba
424,cramergan,progan
425,cramergan,celeba
426,cramergan,progan
427,cramergan,celeba
428,cramergan,progan
429,cramergan,celeba
430,cramergan,celeba
431,cramergan,celeba
432,cramergan,celeba
433,cramergan,celeba
434,cramergan,celeba
435,cramergan,celeba
436,cramergan,celeba
437,cramergan,celeba
438,cramergan,celeba
439,cramergan,progan
440,cramergan,progan
441,cramergan,celeba
442,cramergan,celeba
443,cramergan,celeba
444,cramergan,celeba
445,cramergan,celeba
446,cramergan,cramergan
447,cramergan,progan
448,cramergan,celeba
449,cramergan,celeba
450,cramergan,celeba
451,cramergan,celeba
452,cramergan,progan
453,cramergan,celeba
454,cramergan,celeba
455,cramergan,celeba
456,cramergan,celeba
457,cramergan,celeba
458,cramergan,progan
459,cramergan,progan
460,cramergan,progan
461,cramergan,celeba
462,cramergan,mmdgan
463,cramergan,celeba
464,cramergan,mmdgan
465,cramergan,progan
466,cramergan,celeba
467,cramergan,progan
468,cramergan,celeba
469,cramergan,celeba
470,cramergan,progan
471,cramergan,celeba
472,cramergan,celeba
473,cramergan,celeba
474,cramergan,cramergan
475,cramergan,celeba
476,cramergan,celeba
477,cramergan,celeba
478,cramergan,celeba
479,cramergan,celeba
480,cramergan,progan
481,cramergan,mmdgan
482,cramergan,celeba
483,cramergan,celeba
484,cramergan,celeba
485,cramergan,celeba
486,cramergan,celeba
487,cramergan,celeba
488,cramergan,celeba
489,cramergan,celeba
490,cramergan,celeba
491,cramergan,celeba
492,cramergan,celeba
493,cramergan,cramergan
494,cramergan,progan
495,cramergan,progan
496,cramergan,celeba
497,cramergan,celeba
498,cramergan,celeba
499,cramergan,celeba
500,mmdgan,celeba
501,mmdgan,celeba
502,mmdgan,progan
503,mmdgan,celeba
504,mmdgan,celeba
505,mmdgan,mmdgan
506,mmdgan,celeba
507,mmdgan,celeba
508,mmdgan,progan
509,mmdgan,progan
510,mmdgan,celeba
511,mmdgan,progan
512,mmdgan,progan
513,mmdgan,celeba
514,mmdgan,cramergan
515,mmdgan,celeba
516,mmdgan,celeba
517,mmdgan,celeba
518,mmdgan,celeba
519,mmdgan,celeba
520,mmdgan,celeba
521,mmdgan,celeba
522,mmdgan,progan
523,mmdgan,progan
524,mmdgan,progan
525,mmdgan,progan
526,mmdgan,progan
527,mmdgan,celeba
528,mmdgan,celeba
529,mmdgan,celeba
530,mmdgan,progan
531,mmdgan,progan
532,mmdgan,mmdgan
533,mmdgan,celeba
534,mmdgan,celeba
535,mmdgan,celeba
536,mmdgan,celeba
537,mmdgan,celeba
538,mmdgan,mmdgan
539,mmdgan,celeba
540,mmdgan,celeba
541,mmdgan,celeba
542,mmdgan,mmdgan
543,mmdgan,celeba
544,mmdgan,celeba
545,mmdgan,progan
546,mmdgan,celeba
547,mmdgan,progan
548,mmdgan,celeba
549,mmdgan,celeba
550,mmdgan,celeba
551,mmdgan,celeba
552,mmdgan,progan
553,mmdgan,celeba
554,mmdgan,mmdgan
555,mmdgan,celeba
556,mmdgan,progan
557,mmdgan,celeba
558,mmdgan,celeba
559,mmdgan,celeba
560,mmdgan,celeba
561,mmdgan,celeba
562,mmdgan,progan
563,mmdgan,mmdgan
564,mmdgan,celeba
565,mmdgan,celeba
566,mmdgan,celeba
567,mmdgan,celeba
568,mmdgan,celeba
569,mmdgan,celeba
570,mmdgan,celeba
571,mmdgan,cramergan
572,mmdgan,celeba
573,mmdgan,progan
574,mmdgan,mmdgan
575,mmdgan,celeba
576,mmdgan,celeba
577,mmdgan,mmdgan
578,mmdgan,celeba
579,mmdgan,celeba
580,mmdgan,celeba
581,mmdgan,celeba
582,mmdgan,celeba
583,mmdgan,mmdgan
584,mmdgan,celeba
585,mmdgan,progan
586,mmdgan,celeba
587,mmdgan,celeba
588,mmdgan,mmdgan
589,mmdgan,celeba
590,mmdgan,celeba
591,mmdgan,celeba
592,mmdgan,progan
593,mmdgan,progan
594,mmdgan,celeba
595,mmdgan,celeba
596,mmdgan,celeba
597,mmdgan,celeba
598,mmdgan,celeba
599,mmdgan,celeba
600,mmdgan,celeba
601,mmdgan,celeba
602,mmdgan,celeba
603,mmdgan,progan
604,mmdgan,cramergan
605,mmdgan,celeba
606,mmdgan,celeba
607,mmdgan,celeba
608,mmdgan,celeba
609,mmdgan,mmdgan
610,mmdgan,progan
611,mmdgan,celeba
612,mmdgan,celeba
613,mmdgan,celeba
614,mmdgan,progan
615,mmdgan,progan
616,mmdgan,cramergan
617,mmdgan,celeba
618,mmdgan,celeba
619,mmdgan,celeba
620,mmdgan,celeba
621,mmdgan,celeba
622,mmdgan,progan
623,mmdgan,celeba
624,mmdgan,celeba
625,mmdgan,celeba
626,mmdgan,cramergan
627,mmdgan,celeba
628,mmdgan,mmdgan
629,mmdgan,celeba
630,mmdgan,celeba
631,mmdgan,progan
632,mmdgan,celeba
633,mmdgan,celeba
634,mmdgan,progan
635,mmdgan,celeba
636,mmdgan,progan
637,mmdgan,progan
638,mmdgan,celeba
639,mmdgan,celeba
640,mmdgan,mmdgan
641,mmdgan,celeba
642,mmdgan,cramergan
643,mmdgan,celeba
644,mmdgan,cramergan
645,mmdgan,progan
646,mmdgan,mmdgan
647,mmdgan,celeba
648,mmdgan,celeba
649,mmdgan,cramergan
650,mmdgan,celeba
651,mmdgan,celeba
652,mmdgan,celeba
653,mmdgan,mmdgan
654,mmdgan,celeba
655,mmdgan,celeba
656,mmdgan,progan
657,mmdgan,celeba
658,mmdgan,celeba
659,mmdgan,progan
660,mmdgan,celeba
661,mmdgan,celeba
662,mmdgan,mmdgan
663,mmdgan,celeba
664,mmdgan,celeba
665,mmdgan,celeba
666,mmdgan,celeba
667,mmdgan,celeba
668,mmdgan,celeba
669,mmdgan,celeba
670,mmdgan,celeba
671,mmdgan,celeba
672,mmdgan,celeba
673,mmdgan,celeba
674,mmdgan,celeba
675,mmdgan,celeba
676,mmdgan,celeba
677,mmdgan,cramergan
678,mmdgan,celeba
679,mmdgan,celeba
680,mmdgan,cramergan
681,mmdgan,progan
682,mmdgan,celeba
683,mmdgan,celeba
684,mmdgan,celeba
685,mmdgan,celeba
686,mmdgan,celeba
687,mmdgan,celeba
688,mmdgan,celeba
689,mmdgan,progan
690,mmdgan,progan
691,mmdgan,celeba
692,mmdgan,progan
693,mmdgan,celeba
694,mmdgan,celeba
695,mmdgan,celeba
696,mmdgan,cramergan
697,mmdgan,celeba
698,mmdgan,celeba
699,mmdgan,celeba
700,mmdgan,celeba
701,mmdgan,celeba
702,mmdgan,celeba
703,mmdgan,mmdgan
704,mmdgan,celeba
705,mmdgan,mmdgan
706,mmdgan,progan
707,mmdgan,celeba
708,mmdgan,celeba
709,mmdgan,celeba
710,mmdgan,celeba
711,mmdgan,celeba
712,mmdgan,celeba
713,mmdgan,celeba
714,mmdgan,celeba
715,mmdgan,celeba
716,mmdgan,mmdgan
717,mmdgan,progan
718,mmdgan,progan
719,mmdgan,celeba
720,mmdgan,progan
721,mmdgan,celeba
722,mmdgan,celeba
723,mmdgan,progan
724,mmdgan,progan
725,mmdgan,progan
726,mmdgan,progan
727,mmdgan,progan
728,mmdgan,mmdgan
729,mmdgan,celeba
730,mmdgan,celeba
731,mmdgan,celeba
732,mmdgan,mmdgan
733,mmdgan,progan
734,mmdgan,mmdgan
735,mmdgan,progan
736,mmdgan,celeba
737,mmdgan,mmdgan
738,mmdgan,celeba
739,mmdgan,celeba
740,mmdgan,progan
741,mmdgan,progan
742,mmdgan,celeba
743,mmdgan,progan
744,mmdgan,celeba
745,mmdgan,mmdgan
746,mmdgan,celeba
747,mmdgan,celeba
748,mmdgan,celeba
749,mmdgan,celeba
750,mmdgan,progan
751,mmdgan,mmdgan
752,mmdgan,celeba
753,mmdgan,celeba
754,mmdgan,progan
755,mmdgan,celeba
756,mmdgan,mmdgan
757,mmdgan,celeba
758,mmdgan,celeba
759,mmdgan,celeba
760,mmdgan,celeba
761,mmdgan,progan
762,mmdgan,celeba
763,mmdgan,celeba
764,mmdgan,celeba
765,mmdgan,celeba
766,mmdgan,celeba
767,mmdgan,celeba
768,mmdgan,celeba
769,mmdgan,cramergan
770,mmdgan,celeba
771,mmdgan,celeba
772,mmdgan,celeba
773,mmdgan,celeba
774,mmdgan,celeba
775,mmdgan,celeba
776,mmdgan,progan
777,mmdgan,progan
778,mmdgan,mmdgan
779,mmdgan,progan
780,mmdgan,celeba
781,mmdgan,progan
782,mmdgan,progan
783,mmdgan,celeba
784,mmdgan,celeba
785,mmdgan,celeba
786,mmdgan,progan
787,mmdgan,celeba
788,mmdgan,progan
789,mmdgan,progan
790,mmdgan,celeba
791,mmdgan,progan
792,mmdgan,celeba
793,mmdgan,celeba
794,mmdgan,mmdgan
795,mmdgan,celeba
796,mmdgan,celeba
797,mmdgan,celeba
798,mmdgan,progan
799,mmdgan,celeba
800,mmdgan,celeba
801,mmdgan,celeba
802,mmdgan,celeba
803,mmdgan,celeba
804,mmdgan,celeba
805,mmdgan,mmdgan
806,mmdgan,celeba
807,mmdgan,cramergan
808,mmdgan,celeba
809,mmdgan,celeba
810,mmdgan,celeba
811,mmdgan,celeba
812,mmdgan,mmdgan
813,mmdgan,progan
814,mmdgan,celeba
815,mmdgan,mmdgan
816,mmdgan,progan
817,mmdgan,cramergan
818,mmdgan,celeba
819,mmdgan,mmdgan
820,mmdgan,celeba
821,mmdgan,celeba
822,mmdgan,mmdgan
823,mmdgan,celeba
824,mmdgan,celeba
825,mmdgan,celeba
826,mmdgan,mmdgan
827,mmdgan,celeba
828,mmdgan,celeba
829,mmdgan,mmdgan
830,mmdgan,celeba
831,mmdgan,celeba
832,mmdgan,celeba
833,mmdgan,celeba
834,mmdgan,progan
835,mmdgan,progan
836,mmdgan,celeba
837,mmdgan,celeba
838,mmdgan,celeba
839,mmdgan,celeba
840,mmdgan,celeba
841,mmdgan,celeba
842,mmdgan,celeba
843,mmdgan,celeba
844,mmdgan,celeba
845,mmdgan,progan
846,mmdgan,cramergan
847,mmdgan,progan
848,mmdgan,mmdgan
849,mmdgan,celeba
850,mmdgan,mmdgan
851,mmdgan,celeba
852,mmdgan,mmdgan
853,mmdgan,progan
854,mmdgan,progan
855,mmdgan,celeba
856,mmdgan,progan
857,mmdgan,celeba
858,mmdgan,celeba
859,mmdgan,progan
860,mmdgan,celeba
861,mmdgan,progan
862,mmdgan,mmdgan
863,mmdgan,celeba
864,mmdgan,celeba
865,mmdgan,celeba
866,mmdgan,celeba
867,mmdgan,celeba
868,mmdgan,celeba
869,mmdgan,progan
870,mmdgan,progan
871,mmdgan,celeba
872,mmdgan,celeba
873,mmdgan,celeba
874,mmdgan,celeba
875,mmdgan,progan
876,mmdgan,progan
877,mmdgan,celeba
878,mmdgan,celeba
879,mmdgan,progan
880,mmdgan,celeba
881,mmdgan,celeba
882,mmdgan,celeba
883,mmdgan,celeba
884,mmdgan,celeba
885,mmdgan,celeba
886,mmdgan,progan
887,mmdgan,celeba
888,mmdgan,celeba
889,mmdgan,celeba
890,mmdgan,mmdgan
891,mmdgan,celeba
892,mmdgan,celeba
893,mmdgan,celeba
894,mmdgan,progan
895,mmdgan,progan
896,mmdgan,progan
897,mmdgan,progan
898,mmdgan,progan
899,mmdgan,celeba
900,mmdgan,progan
901,mmdgan,celeba
902,mmdgan,celeba
903,mmdgan,celeba
904,mmdgan,mmdgan
905,mmdgan,celeba
906,mmdgan,mmdgan
907,mmdgan,celeba
908,mmdgan,celeba
909,mmdgan,celeba
910,mmdgan,celeba
911,mmdgan,progan
912,mmdgan,progan
913,mmdgan,celeba
914,mmdgan,mmdgan
915,mmdgan,celeba
916,mmdgan,progan
917,mmdgan,celeba
918,mmdgan,celeba
919,mmdgan,mmdgan
920,mmdgan,celeba
921,mmdgan,mmdgan
922,mmdgan,celeba
923,mmdgan,celeba
924,mmdgan,celeba
925,mmdgan,celeba
926,mmdgan,celeba
927,mmdgan,progan
928,mmdgan,celeba
929,mmdgan,progan
930,mmdgan,celeba
931,mmdgan,progan
932,mmdgan,progan
933,mmdgan,celeba
934,mmdgan,celeba
935,mmdgan,progan
936,mmdgan,celeba
937,mmdgan,celeba
938,mmdgan,celeba
939,mmdgan,progan
940,mmdgan,celeba
941,mmdgan,celeba
942,mmdgan,progan
943,mmdgan,celeba
944,mmdgan,progan
945,mmdgan,celeba
946,mmdgan,celeba
947,mmdgan,progan
948,mmdgan,celeba
949,mmdgan,progan
950,mmdgan,mmdgan
951,mmdgan,celeba
952,mmdgan,celeba
953,mmdgan,progan
954,mmdgan,celeba
955,mmdgan,progan
956,mmdgan,mmdgan
957,mmdgan,celeba
958,mmdgan,mmdgan
959,mmdgan,mmdgan
960,mmdgan,celeba
961,mmdgan,celeba
962,mmdgan,celeba
963,mmdgan,progan
964,mmdgan,mmdgan
965,mmdgan,progan
966,mmdgan,celeba
967,mmdgan,celeba
968,mmdgan,celeba
969,mmdgan,celeba
970,mmdgan,celeba
971,mmdgan,celeba
972,mmdgan,mmdgan
973,mmdgan,celeba
974,mmdgan,celeba
975,mmdgan,celeba
976,mmdgan,cramergan
977,mmdgan,celeba
978,mmdgan,celeba
979,mmdgan,mmdgan
980,mmdgan,celeba
981,mmdgan,progan
982,mmdgan,mmdgan
983,mmdgan,celeba
984,mmdgan,celeba
985,mmdgan,celeba
986,mmdgan,progan
987,mmdgan,celeba
988,mmdgan,celeba
989,mmdgan,celeba
990,mmdgan,celeba
991,mmdgan,progan
992,mmdgan,celeba
993,mmdgan,celeba
994,mmdgan,celeba
995,mmdgan,celeba
996,mmdgan,progan
997,mmdgan,celeba
998,mmdgan,celeba
999,mmdgan,celeba
1000,progan,celeba
1001,progan,progan
1002,progan,cramergan
1003,progan,mmdgan
1004,progan,celeba
1005,progan,progan
1006,progan,mmdgan
1007,progan,celeba
1008,progan,progan
1009,progan,celeba
1010,progan,celeba
1011,progan,celeba
1012,progan,progan
1013,progan,progan
1014,progan,progan
1015,progan,celeba
1016,progan,progan
1017,progan,cramergan
1018,progan,progan
1019,progan,celeba
1020,progan,celeba
1021,progan,progan
1022,progan,celeba
1023,progan,celeba
1024,progan,celeba
1025,progan,celeba
1026,progan,celeba
1027,progan,mmdgan
1028,progan,progan
1029,progan,celeba
1030,progan,progan
1031,progan,cramergan
1032,progan,mmdgan
1033,progan,progan
1034,progan,progan
1035,progan,progan
1036,progan,progan
1037,progan,celeba
1038,progan,mmdgan
1039,progan,celeba
1040,progan,celeba
1041,progan,progan
1042,progan,progan
1043,progan,celeba
1044,progan,celeba
1045,progan,celeba
1046,progan,progan
1047,progan,celeba
1048,progan,celeba
1049,progan,progan
1050,progan,celeba
1051,progan,celeba
1052,progan,progan
1053,progan,progan
1054,progan,celeba
1055,progan,celeba
1056,progan,celeba
1057,progan,progan
1058,progan,celeba
1059,progan,progan
1060,progan,celeba
1061,progan,celeba
1062,progan,celeba
1063,progan,celeba
1064,progan,celeba
1065,progan,celeba
1066,progan,mmdgan
1067,progan,celeba
1068,progan,celeba
1069,progan,celeba
1070,progan,progan
1071,progan,celeba
1072,progan,celeba
1073,progan,celeba
1074,progan,celeba
1075,progan,mmdgan
1076,progan,mmdgan
1077,progan,celeba
1078,progan,celeba
1079,progan,celeba
1080,progan,celeba
1081,progan,celeba
1082,progan,celeba
1083,progan,celeba
1084,progan,celeba
1085,progan,celeba
1086,progan,celeba
1087,progan,celeba
1088,progan,celeba
1089,progan,celeba
1090,progan,cramergan
1091,progan,celeba
1092,progan,celeba
1093,progan,progan
1094,progan,mmdgan
1095,progan,mmdgan
1096,progan,progan
1097,progan,celeba
1098,progan,celeba
1099,progan,celeba
1100,progan,mmdgan
1101,progan,celeba
1102,progan,celeba
1103,progan,celeba
1104,progan,celeba
1105,progan,celeba
1106,progan,progan
1107,progan,celeba
1108,progan,progan
1109,progan,mmdgan
1110,progan,celeba
1111,progan,celeba
1112,progan,celeba
1113,progan,progan
1114,progan,celeba
1115,progan,celeba
1116,progan,celeba
1117,progan,progan
1118,progan,celeba
1119,progan,celeba
1120,progan,celeba
1121,progan,mmdgan
1122,progan,celeba
1123,progan,progan
1124,progan,mmdgan
1125,progan,progan
1126,progan,celeba
1127,progan,progan
1128,progan,mmdgan
1129,progan,celeba
1130,progan,progan
1131,progan,celeba
1132,progan,progan
1133,progan,progan
1134,progan,celeba
1135,progan,celeba
1136,progan,celeba
1137,progan,progan
1138,progan,progan
1139,progan,progan
1140,progan,progan
1141,progan,celeba
1142,progan,progan
1143,progan,celeba
1144,progan,mmdgan
1145,progan,celeba
1146,progan,celeba
1147,progan,celeba
1148,progan,progan
1149,progan,progan
1150,progan,celeba
1151,progan,progan
1152,progan,progan
1153,progan,celeba
1154,progan,celeba
1155,progan,progan
1156,progan,progan
1157,progan,celeba
1158,progan,progan
1159,progan,celeba
1160,progan,mmdgan
1161,progan,celeba
1162,progan,progan
1163,progan,mmdgan
1164,progan,progan
1165,progan,celeba
1166,progan,progan
1167,progan,celeba
1168,progan,progan
1169,progan,progan
1170,progan,progan
1171,progan,celeba
1172,progan,celeba
1173,progan,mmdgan
1174,progan,celeba
1175,progan,celeba
1176,progan,mmdgan
1177,progan,progan
1178,progan,progan
1179,progan,progan
1180,progan,celeba
1181,progan,celeba
1182,progan,celeba
1183,progan,celeba
1184,progan,celeba
1185,progan,celeba
1186,progan,celeba
1187,progan,progan
1188,progan,progan
1189,progan,celeba
1190,progan,progan
1191,progan,mmdgan
1192,progan,celeba
1193,progan,celeba
1194,progan,celeba
1195,progan,celeba
1196,progan,mmdgan
1197,progan,celeba
1198,progan,celeba
1199,progan,celeba
1200,progan,celeba
1201,progan,progan
1202,progan,celeba
1203,progan,celeba
1204,progan,mmdgan
1205,progan,celeba
1206,progan,celeba
1207,progan,celeba
1208,progan,celeba
1209,progan,celeba
1210,progan,progan
1211,progan,celeba
1212,progan,celeba
1213,progan,celeba
1214,progan,mmdgan
1215,progan,mmdgan
1216,progan,progan
1217,progan,celeba
1218,progan,celeba
1219,progan,celeba
1220,progan,progan
1221,progan,celeba
1222,progan,celeba
1223,progan,celeba
1224,progan,cramergan
1225,progan,progan
1226,progan,celeba
1227,progan,celeba
1228,progan,celeba
1229,progan,celeba
1230,progan,celeba
1231,progan,progan
1232,progan,progan
1233,progan,celeba
1234,progan,mmdgan
1235,progan,celeba
1236,progan,celeba
1237,progan,celeba
1238,progan,progan
1239,progan,celeba
1240,progan,celeba
1241,progan,celeba
1242,progan,celeba
1243,progan,celeba
1244,progan,celeba
1245,progan,celeba
1246,progan,mmdgan
1247,progan,celeba
1248,progan,celeba
1249,progan,celeba
1250,progan,celeba
1251,progan,progan
1252,progan,celeba
1253,progan,celeba
1254,progan,celeba
1255,progan,progan
1256,progan,celeba
1257,progan,celeba
1258,progan,celeba
1259,progan,celeba
1260,progan,celeba
1261,progan,celeba
1262,progan,celeba
1263,progan,progan
1264,progan,progan
1265,progan,celeba
1266,progan,progan
1267,progan,progan
1268,progan,celeba
1269,progan,progan
1270,progan,celeba
1271,progan,mmdgan
1272,progan,celeba
1273,progan,celeba
1274,progan,mmdgan
1275,progan,celeba
1276,progan,celeba
1277,progan,progan
1278,progan,progan
1279,progan,celeba
1280,progan,celeba
1281,progan,celeba
1282,progan,celeba
1283,progan,progan
1284,progan,celeba
1285,progan,celeba
1286,progan,celeba
1287,progan,progan
1288,progan,celeba
1289,progan,celeba
1290,progan,celeba
1291,progan,celeba
1292,progan,celeba
1293,progan,celeba
1294,progan,celeba
1295,progan,progan
1296,progan,celeba
1297,progan,celeba
1298,progan,celeba
1299,progan,celeba
1300,progan,celeba
1301,progan,celeba
1302,progan,celeba
1303,progan,celeba
1304,progan,celeba
1305,progan,progan
1306,progan,celeba
1307,progan,cramergan
1308,progan,celeba
1309,progan,celeba
1310,progan,progan
1311,progan,celeba
1312,progan,progan
1313,progan,progan
1314,progan,progan
1315,progan,celeba
1316,progan,celeba
1317,progan,mmdgan
1318,progan,progan
1319,progan,progan
1320,progan,celeba
1321,progan,celeba
1322,progan,mmdgan
1323,progan,celeba
1324,progan,progan
1325,progan,progan
1326,progan,celeba
1327,progan,celeba
1328,progan,celeba
1329,progan,progan
1330,progan,celeba
1331,progan,celeba
1332,progan,celeba
1333,progan,progan
1334,progan,celeba
1335,progan,celeba
1336,progan,celeba
1337,progan,celeba
1338,progan,progan
1339,progan,progan
1340,progan,progan
1341,progan,celeba
1342,progan,mmdgan
1343,progan,celeba
1344,progan,progan
1345,progan,celeba
1346,progan,celeba
1347,progan,celeba
1348,progan,progan
1349,progan,celeba
1350,progan,celeba
1351,progan,celeba
1352,progan,celeba
1353,progan,celeba
1354,progan,celeba
1355,progan,celeba
1356,progan,mmdgan
1357,progan,celeba
1358,progan,celeba
1359,progan,celeba
1360,progan,celeba
1361,progan,celeba
1362,progan,celeba
1363,progan,celeba
1364,progan,celeba
1365,progan,mmdgan
1366,progan,celeba
1367,progan,celeba
1368,progan,celeba
1369,progan,progan
1370,progan,celeba
1371,progan,celeba
1372,progan,mmdgan
1373,progan,celeba
1374,progan,mmdgan
1375,progan,celeba
1376,progan,celeba
1377,progan,progan
1378,progan,celeba
1379,progan,celeba
1380,progan,progan
1381,progan,celeba
1382,progan,celeba
1383,progan,progan
1384,progan,celeba
1385,progan,progan
1386,progan,progan
1387,progan,progan
1388,progan,celeba
1389,progan,progan
1390,progan,celeba
1391,progan,celeba
1392,progan,mmdgan
1393,progan,celeba
1394,progan,progan
1395,progan,progan
1396,progan,celeba
1397,progan,mmdgan
1398,progan,mmdgan
1399,progan,celeba
1400,progan,celeba
1401,progan,celeba
1402,progan,celeba
1403,progan,mmdgan
1404,progan,progan
1405,progan,celeba
1406,progan,celeba
1407,progan,progan
1408,progan,celeba
1409,progan,celeba
1410,progan,celeba
1411,progan,celeba
1412,progan,progan
1413,progan,celeba
1414,progan,celeba
1415,progan,celeba
1416,progan,progan
1417,progan,progan
1418,progan,celeba
1419,progan,celeba
1420,progan,celeba
1421,progan,mmdgan
1422,progan,celeba
1423,progan,mmdgan
1424,progan,celeba
1425,progan,celeba
1426,progan,celeba
1427,progan,mmdgan
1428,progan,progan
1429,progan,celeba
1430,progan,celeba
1431,progan,celeba
1432,progan,celeba
1433,progan,celeba
1434,progan,celeba
1435,progan,progan
1436,progan,celeba
1437,progan,celeba
1438,progan,cramergan
1439,progan,progan
1440,progan,celeba
1441,progan,celeba
1442,progan,celeba
1443,progan,progan
1444,progan,mmdgan
1445,progan,celeba
1446,progan,mmdgan
1447,progan,mmdgan
1448,progan,progan
1449,progan,progan
1450,progan,celeba
1451,progan,progan
1452,progan,celeba
1453,progan,celeba
1454,progan,celeba
1455,progan,celeba
1456,progan,mmdgan
1457,progan,celeba
1458,progan,celeba
1459,progan,celeba
1460,progan,celeba
1461,progan,celeba
1462,progan,celeba
1463,progan,cramergan
1464,progan,celeba
1465,progan,celeba
1466,progan,celeba
1467,progan,celeba
1468,progan,celeba
1469,progan,celeba
1470,progan,progan
1471,progan,celeba
1472,progan,celeba
1473,progan,progan
1474,progan,celeba
1475,progan,celeba
1476,progan,celeba
1477,progan,celeba
1478,progan,celeba
1479,progan,celeba
1480,progan,celeba
1481,progan,progan
1482,progan,mmdgan
1483,progan,celeba
1484,progan,celeba
1485,progan,mmdgan
1486,progan,celeba
1487,progan,celeba
1488,progan,celeba
1489,progan,progan
1490,progan,progan
1491,progan,celeba
1492,progan,celeba
1493,progan,celeba
1494,progan,celeba
1495,progan,celeba
1496,progan,celeba
1497,progan,celeba
1498,progan,progan
1499,progan,celeba
1500,real,mmdgan
1501,real,mmdgan
1502,real,celeba
1503,real,celeba
1504,real,celeba
1505,real,mmdgan
1506,real,mmdgan
1507,real,celeba
1508,real,celeba
1509,real,celeba
1510,real,celeba
1511,real,celeba
1512,real,celeba
1513,real,mmdgan
1514,real,mmdgan
1515,real,celeba
1516,real,mmdgan
1517,real,mmdgan
1518,real,mmdgan
1519,real,celeba
1520,real,celeba
1521,real,mmdgan
1522,real,celeba
1523,real,celeba
1524,real,celeba
1525,real,celeba
1526,real,celeba
1527,real,mmdgan
1528,real,celeba
1529,real,mmdgan
1530,real,celeba
1531,real,mmdgan
1532,real,celeba
1533,real,progan
1534,real,mmdgan
1535,real,celeba
1536,real,celeba
1537,real,celeba
1538,real,progan
1539,real,celeba
1540,real,mmdgan
1541,real,celeba
1542,real,celeba
1543,real,mmdgan
1544,real,celeba
1545,real,celeba
1546,real,celeba
1547,real,mmdgan
1548,real,celeba
1549,real,mmdgan
1550,real,celeba
1551,real,progan
1552,real,celeba
1553,real,celeba
1554,real,celeba
1555,real,mmdgan
1556,real,mmdgan
1557,real,celeba
1558,real,celeba
1559,real,celeba
1560,real,celeba
1561,real,mmdgan
1562,real,celeba
1563,real,celeba
1564,real,celeba
1565,real,celeba
1566,real,celeba
1567,real,celeba
1568,real,celeba
1569,real,celeba
1570,real,celeba
1571,real,celeba
1572,real,celeba
1573,real,celeba
1574,real,mmdgan
1575,real,celeba
1576,real,mmdgan
1577,real,celeba
1578,real,mmdgan
1579,real,mmdgan
1580,real,mmdgan
1581,real,celeba
1582,real,celeba
1583,real,celeba
1584,real,progan
1585,real,mmdgan
1586,real,celeba
1587,real,mmdgan
1588,real,progan
1589,real,mmdgan
1590,real,celeba
1591,real,celeba
1592,real,mmdgan
1593,real,mmdgan
1594,real,celeba
1595,real,mmdgan
1596,real,celeba
1597,real,mmdgan
1598,real,celeba
1599,real,mmdgan
1600,real,mmdgan
1601,real,mmdgan
1602,real,celeba
1603,real,mmdgan
1604,real,mmdgan
1605,real,celeba
1606,real,celeba
1607,real,mmdgan
1608,real,celeba
1609,real,celeba
1610,real,celeba
1611,real,celeba
1612,real,mmdgan
1613,real,celeba
1614,real,mmdgan
1615,real,mmdgan
1616,real,celeba
1617,real,mmdgan
1618,real,celeba
1619,real,mmdgan
1620,real,mmdgan
1621,real,mmdgan
1622,real,celeba
1623,real,celeba
1624,real,celeba
1625,real,mmdgan
1626,real,celeba
1627,real,mmdgan
1628,real,mmdgan
1629,real,celeba
1630,real,mmdgan
1631,real,celeba
1632,real,celeba
1633,real,mmdgan
1634,real,mmdgan
1635,real,progan
1636,real,mmdgan
1637,real,mmdgan
1638,real,celeba
1639,real,progan
1640,real,mmdgan
1641,real,mmdgan
1642,real,celeba
1643,real,celeba
1644,real,mmdgan
1645,real,progan
1646,real,progan
1647,real,celeba
1648,real,mmdgan
1649,real,mmdgan
1650,real,celeba
1651,real,celeba
1652,real,mmdgan
1653,real,celeba
1654,real,mmdgan
1655,real,mmdgan
1656,real,mmdgan
1657,real,mmdgan
1658,real,celeba
1659,real,celeba
1660,real,celeba
1661,real,mmdgan
1662,real,mmdgan
1663,real,celeba
1664,real,mmdgan
1665,real,mmdgan
1666,real,celeba
1667,real,celeba
1668,real,celeba
1669,real,mmdgan
1670,real,celeba
1671,real,mmdgan
1672,real,celeba
1673,real,celeba
1674,real,mmdgan
1675,real,celeba
1676,real,celeba
1677,real,mmdgan
1678,real,celeba
1679,real,celeba
1680,real,mmdgan
1681,real,celeba
1682,real,celeba
1683,real,celeba
1684,real,celeba
1685,real,mmdgan
1686,real,celeba
1687,real,celeba
1688,real,mmdgan
1689,real,celeba
1690,real,celeba
1691,real,celeba
1692,real,celeba
1693,real,celeba
1694,real,celeba
1695,real,celeba
1696,real,mmdgan
1697,real,celeba
1698,real,celeba
1699,real,mmdgan
1700,real,mmdgan
1701,real,mmdgan
1702,real,mmdgan
1703,real,celeba
1704,real,mmdgan
1705,real,celeba
1706,real,celeba
1707,real,mmdgan
1708,real,celeba
1709,real,celeba
1710,real,mmdgan
1711,real,celeba
1712,real,celeba
1713,real,celeba
1714,real,celeba
1715,real,mmdgan
1716,real,celeba
1717,real,progan
1718,real,celeba
1719,real,celeba
1720,real,mmdgan
1721,real,celeba
1722,real,mmdgan
1723,real,celeba
1724,real,mmdgan
1725,real,mmdgan
1726,real,celeba
1727,real,celeba
1728,real,celeba
1729,real,progan
1730,real,celeba
1731,real,celeba
1732,real,celeba
1733,real,mmdgan
1734,real,celeba
1735,real,mmdgan
1736,real,celeba
1737,real,celeba
1738,real,celeba
1739,real,celeba
1740,real,celeba
1741,real,mmdgan
1742,real,celeba
1743,real,mmdgan
1744,real,celeba
1745,real,progan
1746,real,celeba
1747,real,celeba
1748,real,mmdgan
1749,real,celeba
1750,real,celeba
1751,real,celeba
1752,real,celeba
1753,real,celeba
1754,real,mmdgan
1755,real,celeba
1756,real,mmdgan
1757,real,progan
1758,real,celeba
1759,real,celeba
1760,real,mmdgan
1761,real,celeba
1762,real,mmdgan
1763,real,mmdgan
1764,real,celeba
1765,real,mmdgan
1766,real,celeba
1767,real,celeba
1768,real,mmdgan
1769,real,mmdgan
1770,real,mmdgan
1771,real,celeba
1772,real,mmdgan
1773,real,mmdgan
1774,real,celeba
1775,real,mmdgan
1776,real,mmdgan
1777,real,celeba
1778,real,mmdgan
1779,real,celeba
1780,real,celeba
1781,real,mmdgan
1782,real,celeba
1783,real,mmdgan
1784,real,mmdgan
1785,real,mmdgan
1786,real,celeba
1787,real,celeba
1788,real,celeba
1789,real,celeba
1790,real,celeba
1791,real,mmdgan
1792,real,progan
1793,real,progan
1794,real,celeba
1795,real,celeba
1796,real,mmdgan
1797,real,celeba
1798,real,mmdgan
1799,real,mmdgan
1800,real,celeba
1801,real,celeba
1802,real,mmdgan
1803,real,celeba
1804,real,mmdgan
1805,real,mmdgan
1806,real,celeba
1807,real,celeba
1808,real,mmdgan
1809,real,celeba
1810,real,celeba
1811,real,celeba
1812,real,mmdgan
1813,real,celeba
1814,real,mmdgan
1815,real,celeba
1816,real,mmdgan
1817,real,celeba
1818,real,celeba
1819,real,celeba
1820,real,celeba
1821,real,celeba
1822,real,celeba
1823,real,celeba
1824,real,celeba
1825,real,celeba
1826,real,mmdgan
1827,real,celeba
1828,real,celeba
1829,real,celeba
1830,real,celeba
1831,real,celeba
1832,real,celeba
1833,real,celeba
1834,real,celeba
1835,real,celeba
1836,real,celeba
1837,real,celeba
1838,real,mmdgan
1839,real,progan
1840,real,celeba
1841,real,mmdgan
1842,real,celeba
1843,real,celeba
1844,real,mmdgan
1845,real,celeba
1846,real,celeba
1847,real,mmdgan
1848,real,mmdgan
1849,real,celeba
1850,real,mmdgan
1851,real,celeba
1852,real,celeba
1853,real,celeba
1854,real,celeba
1855,real,celeba
1856,real,celeba
1857,real,celeba
1858,real,mmdgan
1859,real,celeba
1860,real,celeba
1861,real,celeba
1862,real,celeba
1863,real,mmdgan
1864,real,celeba
1865,real,celeba
1866,real,celeba
1867,real,mmdgan
1868,real,celeba
1869,real,mmdgan
1870,real,celeba
1871,real,mmdgan
1872,real,mmdgan
1873,real,celeba
1874,real,mmdgan
1875,real,celeba
1876,real,celeba
1877,real,celeba
1878,real,celeba
1879,real,celeba
1880,real,mmdgan
1881,real,celeba
1882,real,celeba
1883,real,mmdgan
1884,real,mmdgan
1885,real,celeba
1886,real,celeba
1887,real,mmdgan
1888,real,celeba
1889,real,celeba
1890,real,celeba
1891,real,mmdgan
1892,real,mmdgan
1893,real,celeba
1894,real,celeba
1895,real,celeba
1896,real,celeba
1897,real,celeba
1898,real,celeba
1899,real,celeba
1900,real,mmdgan
1901,real,celeba
1902,real,celeba
1903,real,celeba
1904,real,celeba
1905,real,mmdgan
1906,real,celeba
1907,real,celeba
1908,real,mmdgan
1909,real,progan
1910,real,celeba
1911,real,celeba
1912,real,celeba
1913,real,celeba
1914,real,mmdgan
1915,real,mmdgan
1916,real,mmdgan
1917,real,mmdgan
1918,real,celeba
1919,real,celeba
1920,real,mmdgan
1921,real,mmdgan
1922,real,mmdgan
1923,real,mmdgan
1924,real,progan
1925,real,celeba
1926,real,celeba
1927,real,celeba
1928,real,celeba
1929,real,celeba
1930,real,mmdgan
1931,real,mmdgan
1932,real,celeba
1933,real,mmdgan
1934,real,mmdgan
1935,real,celeba
1936,real,celeba
1937,real,celeba
1938,real,celeba
1939,real,mmdgan
1940,real,mmdgan
1941,real,celeba
1942,real,celeba
1943,real,celeba
1944,real,celeba
1945,real,celeba
1946,real,celeba
1947,real,celeba
1948,real,celeba
1949,real,mmdgan
1950,real,celeba
1951,real,mmdgan
1952,real,celeba
1953,real,celeba
1954,real,mmdgan
1955,real,mmdgan
1956,real,progan
1957,real,celeba
1958,real,mmdgan
1959,real,celeba
1960,real,mmdgan
1961,real,mmdgan
1962,real,celeba
1963,real,mmdgan
1964,real,mmdgan
1965,real,mmdgan
1966,real,mmdgan
1967,real,celeba
1968,real,mmdgan
1969,real,mmdgan
1970,real,mmdgan
1971,real,mmdgan
1972,real,celeba
1973,real,celeba
1974,real,celeba
1975,real,mmdgan
1976,real,mmdgan
1977,real,mmdgan
1978,real,progan
1979,real,celeba
1980,real,celeba
1981,real,celeba
1982,real,celeba
1983,real,celeba
1984,real,celeba
1985,real,celeba
1986,real,mmdgan
1987,real,celeba
1988,real,celeba
1989,real,mmdgan
1990,real,celeba
1991,real,celeba
1992,real,mmdgan
1993,real,mmdgan
1994,real,celeba
1995,real,celeba
1996,real,celeba
1997,real,celeba
1998,real,mmdgan
1999,real,mmdgan
2000,sngan,progan
2001,sngan,progan
2002,sngan,celeba
2003,sngan,celeba
2004,sngan,progan
2005,sngan,celeba
2006,sngan,celeba
2007,sngan,mmdgan
2008,sngan,mmdgan
2009,sngan,celeba
2010,sngan,celeba
2011,sngan,celeba
2012,sngan,progan
2013,sngan,celeba
2014,sngan,celeba
2015,sngan,celeba
2016,sngan,celeba
2017,sngan,progan
2018,sngan,mmdgan
2019,sngan,celeba
2020,sngan,celeba
2021,sngan,progan
2022,sngan,celeba
2023,sngan,celeba
2024,sngan,celeba
2025,sngan,celeba
2026,sngan,celeba
2027,sngan,mmdgan
2028,sngan,celeba
2029,sngan,mmdgan
2030,sngan,celeba
2031,sngan,celeba
2032,sngan,celeba
2033,sngan,celeba
2034,sngan,progan
2035,sngan,celeba
2036,sngan,progan
2037,sngan,celeba
2038,sngan,progan
2039,sngan,celeba
2040,sngan,celeba
2041,sngan,celeba
2042,sngan,progan
2043,sngan,celeba
2044,sngan,celeba
2045,sngan,mmdgan
2046,sngan,celeba
2047,sngan,celeba
2048,sngan,mmdgan
2049,sngan,mmdgan
2050,sngan,progan
2051,sngan,progan
2052,sngan,celeba
2053,sngan,celeba
2054,sngan,celeba
2055,sngan,progan
2056,sngan,progan
2057,sngan,progan
2058,sngan,celeba
2059,sngan,celeba
2060,sngan,progan
2061,sngan,celeba
2062,sngan,mmdgan
2063,sngan,celeba
2064,sngan,progan
2065,sngan,celeba
2066,sngan,progan
2067,sngan,celeba
2068,sngan,celeba
2069,sngan,celeba
2070,sngan,celeba
2071,sngan,celeba
2072,sngan,celeba
2073,sngan,mmdgan
2074,sngan,celeba
2075,sngan,celeba
2076,sngan,progan
2077,sngan,celeba
2078,sngan,celeba
2079,sngan,progan
2080,sngan,celeba
2081,sngan,progan
2082,sngan,celeba
2083,sngan,celeba
2084,sngan,celeba
2085,sngan,celeba
2086,sngan,celeba
2087,sngan,mmdgan
2088,sngan,mmdgan
2089,sngan,celeba
2090,sngan,progan
2091,sngan,celeba
2092,sngan,progan
2093,sngan,progan
2094,sngan,celeba
2095,sngan,mmdgan
2096,sngan,celeba
2097,sngan,celeba
2098,sngan,progan
2099,sngan,celeba
2100,sngan,progan
2101,sngan,celeba
2102,sngan,celeba
2103,sngan,celeba
2104,sngan,progan
2105,sngan,celeba
2106,sngan,mmdgan
2107,sngan,mmdgan
2108,sngan,mmdgan
2109,sngan,celeba
2110,sngan,celeba
2111,sngan,celeba
2112,sngan,mmdgan
2113,sngan,celeba
2114,sngan,celeba
2115,sngan,celeba
2116,sngan,progan
2117,sngan,celeba
2118,sngan,celeba
2119,sngan,progan
2120,sngan,celeba
2121,sngan,celeba
2122,sngan,celeba
2123,sngan,mmdgan
2124,sngan,celeba
2125,sngan,celeba
2126,sngan,celeba
2127,sngan,celeba
2128,sngan,celeba
2129,sngan,celeba
2130,sngan,cramergan
2131,sngan,celeba
2132,sngan,celeba
2133,sngan,progan
2134,sngan,progan
2135,sngan,celeba
2136,sngan,celeba
2137,sngan,celeba
2138,sngan,celeba
2139,sngan,progan
2140,sngan,celeba
2141,sngan,celeba
2142,sngan,celeba
2143,sngan,celeba
2144,sngan,celeba
2145,sngan,mmdgan
2146,sngan,progan
2147,sngan,celeba
2148,sngan,celeba
2149,sngan,progan
2150,sngan,celeba
2151,sngan,mmdgan
2152,sngan,progan
2153,sngan,progan
2154,sngan,mmdgan
2155,sngan,progan
2156,sngan,mmdgan
2157,sngan,progan
2158,sngan,progan
2159,sngan,celeba
2160,sngan,celeba
2161,sngan,mmdgan
2162,sngan,progan
2163,sngan,celeba
2164,sngan,celeba
2165,sngan,celeba
2166,sngan,progan
2167,sngan,mmdgan
2168,sngan,celeba
2169,sngan,celeba
2170,sngan,celeba
2171,sngan,celeba
2172,sngan,progan
2173,sngan,celeba
2174,sngan,progan
2175,sngan,progan
2176,sngan,celeba
2177,sngan,progan
2178,sngan,mmdgan
2179,sngan,progan
2180,sngan,progan
2181,sngan,progan
2182,sngan,progan
2183,sngan,celeba
2184,sngan,celeba
2185,sngan,celeba
2186,sngan,celeba
2187,sngan,progan
2188,sngan,celeba
2189,sngan,celeba
2190,sngan,progan
2191,sngan,progan
2192,sngan,progan
2193,sngan,celeba
2194,sngan,progan
2195,sngan,progan
2196,sngan,celeba
2197,sngan,celeba
2198,sngan,celeba
2199,sngan,celeba
2200,sngan,progan
2201,sngan,progan
2202,sngan,celeba
2203,sngan,celeba
2204,sngan,celeba
2205,sngan,celeba
2206,sngan,progan
2207,sngan,progan
2208,sngan,celeba
2209,sngan,mmdgan
2210,sngan,celeba
2211,sngan,progan
2212,sngan,progan
2213,sngan,celeba
2214,sngan,celeba
2215,sngan,progan
2216,sngan,mmdgan
2217,sngan,celeba
2218,sngan,cramergan
2219,sngan,celeba
2220,sngan,progan
2221,sngan,celeba
2222,sngan,mmdgan
2223,sngan,celeba
2224,sngan,celeba
2225,sngan,progan
2226,sngan,mmdgan
2227,sngan,progan
2228,sngan,celeba
2229,sngan,celeba
2230,sngan,celeba
2231,sngan,mmdgan
2232,sngan,mmdgan
2233,sngan,mmdgan
2234,sngan,celeba
2235,sngan,progan
2236,sngan,mmdgan
2237,sngan,progan
2238,sngan,celeba
2239,sngan,cramergan
2240,sngan,mmdgan
2241,sngan,progan
2242,sngan,celeba
2243,sngan,progan
2244,sngan,celeba
2245,sngan,celeba
2246,sngan,celeba
2247,sngan,celeba
2248,sngan,progan
2249,sngan,celeba
2250,sngan,celeba
2251,sngan,celeba
2252,sngan,progan
2253,sngan,cramergan
2254,sngan,celeba
2255,sngan,celeba
2256,sngan,celeba
2257,sngan,progan
2258,sngan,progan
2259,sngan,progan
2260,sngan,celeba
2261,sngan,celeba
2262,sngan,celeba
2263,sngan,progan
2264,sngan,celeba
2265,sngan,progan
2266,sngan,progan
2267,sngan,progan
2268,sngan,mmdgan
2269,sngan,celeba
2270,sngan,celeba
2271,sngan,progan
2272,sngan,progan
2273,sngan,celeba
2274,sngan,celeba
2275,sngan,celeba
2276,sngan,progan
2277,sngan,celeba
2278,sngan,celeba
2279,sngan,mmdgan
2280,sngan,celeba
2281,sngan,celeba
2282,sngan,progan
2283,sngan,celeba
2284,sngan,celeba
2285,sngan,celeba
2286,sngan,celeba
2287,sngan,celeba
2288,sngan,celeba
2289,sngan,progan
2290,sngan,progan
2291,sngan,progan
2292,sngan,celeba
2293,sngan,celeba
2294,sngan,celeba
2295,sngan,celeba
2296,sngan,progan
2297,sngan,progan
2298,sngan,celeba
2299,sngan,cramergan
2300,sngan,celeba
2301,sngan,sngan
2302,sngan,celeba
2303,sngan,mmdgan
2304,sngan,progan
2305,sngan,mmdgan
2306,sngan,celeba
2307,sngan,celeba
2308,sngan,celeba
2309,sngan,celeba
2310,sngan,progan
2311,sngan,celeba
2312,sngan,celeba
2313,sngan,celeba
2314,sngan,celeba
2315,sngan,progan
2316,sngan,progan
2317,sngan,mmdgan
2318,sngan,progan
2319,sngan,celeba
2320,sngan,progan
2321,sngan,mmdgan
2322,sngan,celeba
2323,sngan,celeba
2324,sngan,celeba
2325,sngan,celeba
2326,sngan,celeba
2327,sngan,progan
2328,sngan,celeba
2329,sngan,progan
2330,sngan,mmdgan
2331,sngan,celeba
2332,sngan,celeba
2333,sngan,progan
2334,sngan,celeba
2335,sngan,mmdgan
2336,sngan,celeba
2337,sngan,celeba
2338,sngan,celeba
2339,sngan,progan
2340,sngan,celeba
2341,sngan,progan
2342,sngan,celeba
2343,sngan,celeba
2344,sngan,celeba
2345,sngan,celeba
2346,sngan,celeba
2347,sngan,celeba
2348,sngan,progan
2349,sngan,celeba
2350,sngan,celeba
2351,sngan,celeba
2352,sngan,celeba
2353,sngan,progan
2354,sngan,celeba
2355,sngan,celeba
2356,sngan,celeba
2357,sngan,celeba
2358,sngan,mmdgan
2359,sngan,celeba
2360,sngan,progan
2361,sngan,celeba
2362,sngan,celeba
2363,sngan,celeba
2364,sngan,mmdgan
2365,sngan,celeba
2366,sngan,celeba
2367,sngan,celeba
2368,sngan,celeba
2369,sngan,mmdgan
2370,sngan,celeba
2371,sngan,mmdgan
2372,sngan,celeba
2373,sngan,celeba
2374,sngan,progan
2375,sngan,celeba
2376,sngan,celeba
2377,sngan,mmdgan
2378,sngan,celeba
2379,sngan,celeba
2380,sngan,celeba
2381,sngan,celeba
2382,sngan,progan
2383,sngan,mmdgan
2384,sngan,celeba
2385,sngan,celeba
2386,sngan,celeba
2387,sngan,celeba
2388,sngan,celeba
2389,sngan,celeba
2390,sngan,celeba
2391,sngan,celeba
2392,sngan,celeba
2393,sngan,celeba
2394,sngan,celeba
2395,sngan,mmdgan
2396,sngan,celeba
2397,sngan,celeba
2398,sngan,progan
2399,sngan,progan
2400,sngan,mmdgan
2401,sngan,mmdgan
2402,sngan,progan
2403,sngan,celeba
2404,sngan,progan
2405,sngan,progan
2406,sngan,mmdgan
2407,sngan,celeba
2408,sngan,celeba
2409,sngan,celeba
2410,sngan,celeba
2411,sngan,celeba
2412,sngan,celeba
2413,sngan,mmdgan
2414,sngan,progan
2415,sngan,celeba
2416,sngan,celeba
2417,sngan,celeba
2418,sngan,celeba
2419,sngan,mmdgan
2420,sngan,progan
2421,sngan,cramergan
2422,sngan,mmdgan
2423,sngan,celeba
2424,sngan,progan
2425,sngan,mmdgan
2426,sngan,progan
2427,sngan,celeba
2428,sngan,celeba
2429,sngan,progan
2430,sngan,mmdgan
2431,sngan,celeba
2432,sngan,progan
2433,sngan,mmdgan
2434,sngan,progan
2435,sngan,progan
2436,sngan,celeba
2437,sngan,progan
2438,sngan,celeba
2439,sngan,progan
2440,sngan,mmdgan
2441,sngan,progan
2442,sngan,progan
2443,sngan,celeba
2444,sngan,celeba
2445,sngan,celeba
2446,sngan,celeba
2447,sngan,celeba
2448,sngan,progan
2449,sngan,celeba
2450,sngan,progan
2451,sngan,celeba
2452,sngan,celeba
2453,sngan,celeba
2454,sngan,progan
2455,sngan,celeba
2456,sngan,celeba
2457,sngan,celeba
2458,sngan,celeba
2459,sngan,progan
2460,sngan,progan
2461,sngan,progan
2462,sngan,celeba
2463,sngan,celeba
2464,sngan,celeba
2465,sngan,mmdgan
2466,sngan,mmdgan
2467,sngan,progan
2468,sngan,progan
2469,sngan,celeba
2470,sngan,celeba
2471,sngan,celeba
2472,sngan,celeba
2473,sngan,celeba
2474,sngan,celeba
2475,sngan,celeba
2476,sngan,progan
2477,sngan,progan
2478,sngan,progan
2479,sngan,progan
2480,sngan,mmdgan
2481,sngan,progan
2482,sngan,celeba
2483,sngan,celeba
2484,sngan,progan
2485,sngan,celeba
2486,sngan,celeba
2487,sngan,celeba
2488,sngan,celeba
2489,sngan,progan
2490,sngan,celeba
2491,sngan,celeba
2492,sngan,progan
2493,sngan,celeba
2494,sngan,celeba
2495,sngan,celeba
2496,sngan,celeba
2497,sngan,celeba
2498,sngan,progan
2499,sngan,celeba
