0,cramergan,cramergan
1,cramergan,cramergan
2,cramergan,progan
3,cramergan,real
4,cramergan,mmdgan
5,cramergan,real
6,cramergan,real
7,cramergan,cramergan
8,cramergan,real
9,cramergan,real
10,cramergan,real
11,cramergan,real
12,cramergan,cramergan
13,cramergan,cramergan
14,cramergan,cramergan
15,cramergan,progan
16,cramergan,mmdgan
17,cramergan,cramergan
18,cramergan,real
19,cramergan,real
20,cramergan,progan
21,cramergan,progan
22,cramergan,real
23,cramergan,cramergan
24,cramergan,progan
25,cramergan,cramergan
26,cramergan,real
27,cramergan,cramergan
28,cramergan,cramergan
29,cramergan,cramergan
30,cramergan,real
31,cramergan,real
32,cramergan,real
33,cramergan,real
34,cramergan,cramergan
35,cramergan,cramergan
36,cramergan,real
37,cramergan,real
38,cramergan,real
39,cramergan,real
40,cramergan,cramergan
41,cramergan,real
42,cramergan,real
43,cramergan,real
44,cramergan,real
45,cramergan,cramergan
46,cramergan,cramergan
47,cramergan,progan
48,cramergan,progan
49,cramergan,real
50,cramergan,real
51,cramergan,mmdgan
52,cramergan,cramergan
53,cramergan,real
54,cramergan,real
55,cramergan,real
56,cramergan,real
57,cramergan,cramergan
58,cramergan,cramergan
59,cramergan,cramergan
60,cramergan,real
61,cramergan,cramergan
62,cramergan,real
63,cramergan,cramergan
64,cramergan,real
65,cramergan,cramergan
66,cramergan,cramergan
67,cramergan,real
68,cramergan,cramergan
69,cramergan,real
70,cramergan,cramergan
71,cramergan,real
72,cramergan,cramergan
73,cramergan,real
74,cramergan,cramergan
75,cramergan,real
76,cramergan,real
77,cramergan,real
78,cramergan,real
79,cramergan,progan
80,cramergan,cramergan
81,cramergan,cramergan
82,cramergan,cramergan
83,cramergan,cramergan
84,cramergan,progan
85,cramergan,real
86,cramergan,cramergan
87,cramergan,real
88,cramergan,real
89,cramergan,progan
90,cramergan,real
91,cramergan,cramergan
92,cramergan,progan
93,cramergan,real
94,cramergan,real
95,cramergan,progan
96,cramergan,real
97,cramergan,real
98,cramergan,cramergan
99,cramergan,real
100,cramergan,real
101,cramergan,real
102,cramergan,cramergan
103,cramergan,real
104,cramergan,cramergan
105,cramergan,mmdgan
106,cramergan,cramergan
107,cramergan,cramergan
108,cramergan,mmdgan
109,cramergan,real
110,cramergan,mmdgan
111,cramergan,real
112,cramergan,cramergan
113,cramergan,real
114,cramergan,cramergan
115,cramergan,real
116,cramergan,real
117,cramergan,mmdgan
118,cramergan,cramergan
119,cramergan,cramergan
120,cramergan,cramergan
121,cramergan,cramergan
122,cramergan,cramergan
123,cramergan,real
124,cramergan,cramergan
125,cramergan,cramergan
126,cramergan,real
127,cramergan,real
128,cramergan,real
129,cramergan,progan
130,cramergan,mmdgan
131,cramergan,real
132,cramergan,sngan
133,cramergan,real
134,cramergan,real
135,cramergan,real
136,cramergan,real
137,cramergan,real
138,cramergan,mmdgan
139,cramergan,real
140,cramergan,cramergan
141,cramergan,real
142,cramergan,mmdgan
143,cramergan,real
144,cramergan,real
145,cramergan,real
146,cramergan,real
147,cramergan,real
148,cramergan,mmdgan
149,cramergan,real
150,cramergan,cramergan
151,cramergan,cramergan
152,cramergan,real
153,cramergan,progan
154,cramergan,real
155,cramergan,cramergan
156,cramergan,progan
157,cramergan,real
158,cramergan,cramergan
159,cramergan,real
160,cramergan,mmdgan
161,cramergan,real
162,cramergan,real
163,cramergan,real
164,cramergan,real
165,cramergan,real
166,cramergan,cramergan
167,cramergan,real
168,cramergan,real
169,cramergan,cramergan
170,cramergan,real
171,cramergan,mmdgan
172,cramergan,cramergan
173,cramergan,cramergan
174,cramergan,real
175,cramergan,real
176,cramergan,progan
177,cramergan,real
178,cramergan,real
179,cramergan,real
180,cramergan,cramergan
181,cramergan,real
182,cramergan,cramergan
183,cramergan,real
184,cramergan,real
185,cramergan,real
186,cramergan,real
187,cramergan,cramergan
188,cramergan,cramergan
189,cramergan,progan
190,cramergan,real
191,cramergan,cramergan
192,cramergan,real
193,cramergan,real
194,cramergan,real
195,cramergan,progan
196,cramergan,cramergan
197,cramergan,real
198,cramergan,real
199,cramergan,cramergan
200,cramergan,real
201,cramergan,mmdgan
202,cramergan,real
203,cramergan,real
204,cramergan,cramergan
205,cramergan,mmdgan
206,cramergan,cramergan
207,cramergan,real
208,cramergan,mmdgan
209,cramergan,real
210,cramergan,cramergan
211,cramergan,mmdgan
212,cramergan,cramergan
213,cramergan,real
214,cramergan,cramergan
215,cramergan,real
216,cramergan,real
217,cramergan,mmdgan
218,cramergan,real
219,cramergan,cramergan
220,cramergan,real
221,cramergan,real
222,cramergan,real
223,cramergan,real
224,cramergan,real
225,cramergan,real
226,cramergan,cramergan
227,cramergan,mmdgan
228,cramergan,progan
229,cramergan,real
230,cramergan,cramergan
231,cramergan,cramergan
232,cramergan,real
233,cramergan,cramergan
234,cramergan,progan
235,cramergan,cramergan
236,cramergan,real
237,cramergan,real
238,cramergan,cramergan
239,cramergan,real
240,cramergan,cramergan
241,cramergan,cramergan
242,cramergan,progan
243,cramergan,real
244,cramergan,mmdgan
245,cramergan,cramergan
246,cramergan,real
247,cramergan,cramergan
248,cramergan,cramergan
249,cramergan,mmdgan
250,cramergan,real
251,cramergan,cramergan
252,cramergan,real
253,cramergan,real
254,cramergan,real
255,cramergan,cramergan
256,cramergan,real
257,cramergan,cramergan
258,cramergan,real
259,cramergan,mmdgan
260,cramergan,cramergan
261,cramergan,cramergan
262,cramergan,mmdgan
263,cramergan,cramergan
264,cramergan,real
265,cramergan,cramergan
266,cramergan,cramergan
267,cramergan,real
268,cramergan,real
269,cramergan,cramergan
270,cramergan,real
271,cramergan,cramergan
272,cramergan,real
273,cramergan,cramergan
274,cramergan,cramergan
275,cramergan,mmdgan
276,cramergan,cramergan
277,cramergan,mmdgan
278,cramergan,cramergan
279,cramergan,cramergan
280,cramergan,progan
281,cramergan,cramergan
282,cramergan,progan
283,cramergan,real
284,cramergan,mmdgan
285,cramergan,real
286,cramergan,real
287,cramergan,real
288,cramergan,cramergan
289,cramergan,mmdgan
290,cramergan,real
291,cramergan,real
292,cramergan,progan
293,cramergan,real
294,cramergan,real
295,cramergan,real
296,cramergan,cramergan
297,cramergan,mmdgan
298,cramergan,real
299,cramergan,real
300,cramergan,progan
301,cramergan,cramergan
302,cramergan,cramergan
303,cramergan,real
304,cramergan,real
305,cramergan,real
306,cramergan,mmdgan
307,cramergan,real
308,cramergan,real
309,cramergan,mmdgan
310,cramergan,real
311,cramergan,real
312,cramergan,real
313,cramergan,real
314,cramergan,real
315,cramergan,progan
316,cramergan,mmdgan
317,cramergan,real
318,cramergan,cramergan
319,cramergan,real
320,cramergan,real
321,cramergan,cramergan
322,cramergan,real
323,cramergan,real
324,cramergan,cramergan
325,cramergan,real
326,cramergan,cramergan
327,cramergan,real
328,cramergan,real
329,cramergan,cramergan
330,cramergan,cramergan
331,cramergan,real
332,cramergan,mmdgan
333,cramergan,cramergan
334,cramergan,real
335,cramergan,cramergan
336,cramergan,real
337,cramergan,cramergan
338,cramergan,real
339,cramergan,mmdgan
340,cramergan,real
341,cramergan,real
342,cramergan,cramergan
343,cramergan,cramergan
344,cramergan,real
345,cramergan,real
346,cramergan,real
347,cramergan,real
348,cramergan,cramergan
349,cramergan,progan
350,cramergan,progan
351,cramergan,real
352,cramergan,real
353,cramergan,real
354,cramergan,real
355,cramergan,real
356,cramergan,cramergan
357,cramergan,cramergan
358,cramergan,cramergan
359,cramergan,mmdgan
360,cramergan,real
361,cramergan,cramergan
362,cramergan,real
363,cramergan,real
364,cramergan,real
365,cramergan,progan
366,cramergan,mmdgan
367,cramergan,real
368,cramergan,real
369,cramergan,real
370,cramergan,cramergan
371,cramergan,real
372,cramergan,real
373,cramergan,cramergan
374,cramergan,cramergan
375,cramergan,cramergan
376,cramergan,real
377,cramergan,real
378,cramergan,real
379,cramergan,cramergan
380,cramergan,real
381,cramergan,progan
382,cramergan,cramergan
383,cramergan,real
384,cramergan,real
385,cramergan,cramergan
386,cramergan,cramergan
387,cramergan,real
388,cramergan,real
389,cramergan,real
390,cramergan,cramergan
391,cramergan,real
392,cramergan,cramergan
393,cramergan,real
394,cramergan,cramergan
395,cramergan,cramergan
396,cramergan,cramergan
397,cramergan,progan
398,cramergan,real
399,cramergan,cramergan
400,cramergan,cramergan
401,cramergan,cramergan
402,cramergan,cramergan
403,cramergan,real
404,cramergan,cramergan
405,cramergan,cramergan
406,cramergan,real
407,cramergan,cramergan
408,cramergan,mmdgan
409,cramergan,real
410,cramergan,real
411,cramergan,mmdgan
412,cramergan,progan
413,cramergan,real
414,cramergan,real
415,cramergan,real
416,cramergan,real
417,cramergan,real
418,cramergan,cramergan
419,cramergan,cramergan
420,cramergan,real
421,cramergan,real
422,cramergan,real
423,cramergan,cramergan
424,cramergan,cramergan
425,cramergan,cramergan
426,cramergan,real
427,cramergan,real
428,cramergan,cramergan
429,cramergan,cramergan
430,cramergan,real
431,cramergan,cramergan
432,cramergan,cramergan
433,cramergan,real
434,cramergan,real
435,cramergan,cramergan
436,cramergan,real
437,cramergan,real
438,cramergan,mmdgan
439,cramergan,real
440,cramergan,real
441,cramergan,real
442,cramergan,real
443,cramergan,real
444,cramergan,real
445,cramergan,real
446,cramergan,cramergan
447,cramergan,real
448,cramergan,cramergan
449,cramergan,real
450,cramergan,real
451,cramergan,progan
452,cramergan,cramergan
453,cramergan,cramergan
454,cramergan,real
455,cramergan,cramergan
456,cramergan,cramergan
457,cramergan,real
458,cramergan,cramergan
459,cramergan,real
460,cramergan,real
461,cramergan,real
462,cramergan,mmdgan
463,cramergan,cramergan
464,cramergan,mmdgan
465,cramergan,real
466,cramergan,mmdgan
467,cramergan,real
468,cramergan,cramergan
469,cramergan,real
470,cramergan,real
471,cramergan,real
472,cramergan,real
473,cramergan,cramergan
474,cramergan,cramergan
475,cramergan,real
476,cramergan,real
477,cramergan,real
478,cramergan,real
479,cramergan,real
480,cramergan,cramergan
481,cramergan,real
482,cramergan,cramergan
483,cramergan,real
484,cramergan,real
485,cramergan,mmdgan
486,cramergan,cramergan
487,cramergan,cramergan
488,cramergan,cramergan
489,cramergan,real
490,cramergan,cramergan
491,cramergan,mmdgan
492,cramergan,real
493,cramergan,real
494,cramergan,cramergan
495,cramergan,mmdgan
496,cramergan,mmdgan
497,cramergan,real
498,cramergan,real
499,cramergan,real
500,mmdgan,mmdgan
501,mmdgan,real
502,mmdgan,mmdgan
503,mmdgan,progan
504,mmdgan,real
505,mmdgan,real
506,mmdgan,real
507,mmdgan,real
508,mmdgan,mmdgan
509,mmdgan,real
510,mmdgan,mmdgan
511,mmdgan,real
512,mmdgan,real
513,mmdgan,real
514,mmdgan,mmdgan
515,mmdgan,real
516,mmdgan,mmdgan
517,mmdgan,real
518,mmdgan,real
519,mmdgan,real
520,mmdgan,real
521,mmdgan,real
522,mmdgan,mmdgan
523,mmdgan,mmdgan
524,mmdgan,real
525,mmdgan,real
526,mmdgan,real
527,mmdgan,real
528,mmdgan,real
529,mmdgan,mmdgan
530,mmdgan,real
531,mmdgan,real
532,mmdgan,real
533,mmdgan,mmdgan
534,mmdgan,mmdgan
535,mmdgan,mmdgan
536,mmdgan,real
537,mmdgan,real
538,mmdgan,real
539,mmdgan,real
540,mmdgan,real
541,mmdgan,mmdgan
542,mmdgan,real
543,mmdgan,cramergan
544,mmdgan,mmdgan
545,mmdgan,mmdgan
546,mmdgan,real
547,mmdgan,mmdgan
548,mmdgan,real
549,mmdgan,real
550,mmdgan,real
551,mmdgan,real
552,mmdgan,real
553,mmdgan,real
554,mmdgan,mmdgan
555,mmdgan,real
556,mmdgan,real
557,mmdgan,real
558,mmdgan,mmdgan
559,mmdgan,progan
560,mmdgan,mmdgan
561,mmdgan,real
562,mmdgan,real
563,mmdgan,real
564,mmdgan,real
565,mmdgan,real
566,mmdgan,real
567,mmdgan,real
568,mmdgan,cramergan
569,mmdgan,mmdgan
570,mmdgan,mmdgan
571,mmdgan,real
572,mmdgan,progan
573,mmdgan,mmdgan
574,mmdgan,real
575,mmdgan,mmdgan
576,mmdgan,real
577,mmdgan,mmdgan
578,mmdgan,mmdgan
579,mmdgan,real
580,mmdgan,mmdgan
581,mmdgan,mmdgan
582,mmdgan,mmdgan
583,mmdgan,real
584,mmdgan,real
585,mmdgan,mmdgan
586,mmdgan,mmdgan
587,mmdgan,real
588,mmdgan,real
589,mmdgan,cramergan
590,mmdgan,mmdgan
591,mmdgan,mmdgan
592,mmdgan,real
593,mmdgan,real
594,mmdgan,real
595,mmdgan,real
596,mmdgan,mmdgan
597,mmdgan,mmdgan
598,mmdgan,real
599,mmdgan,real
600,mmdgan,mmdgan
601,mmdgan,real
602,mmdgan,mmdgan
603,mmdgan,mmdgan
604,mmdgan,mmdgan
605,mmdgan,mmdgan
606,mmdgan,real
607,mmdgan,mmdgan
608,mmdgan,real
609,mmdgan,real
610,mmdgan,mmdgan
611,mmdgan,real
612,mmdgan,progan
613,mmdgan,real
614,mmdgan,real
615,mmdgan,real
616,mmdgan,mmdgan
617,mmdgan,real
618,mmdgan,real
619,mmdgan,progan
620,mmdgan,real
621,mmdgan,mmdgan
622,mmdgan,mmdgan
623,mmdgan,mmdgan
624,mmdgan,real
625,mmdgan,real
626,mmdgan,mmdgan
627,mmdgan,real
628,mmdgan,mmdgan
629,mmdgan,real
630,mmdgan,mmdgan
631,mmdgan,mmdgan
632,mmdgan,mmdgan
633,mmdgan,mmdgan
634,mmdgan,real
635,mmdgan,mmdgan
636,mmdgan,real
637,mmdgan,mmdgan
638,mmdgan,real
639,mmdgan,real
640,mmdgan,mmdgan
641,mmdgan,mmdgan
642,mmdgan,real
643,mmdgan,real
644,mmdgan,real
645,mmdgan,cramergan
646,mmdgan,mmdgan
647,mmdgan,real
648,mmdgan,mmdgan
649,mmdgan,real
650,mmdgan,real
651,mmdgan,real
652,mmdgan,real
653,mmdgan,real
654,mmdgan,mmdgan
655,mmdgan,mmdgan
656,mmdgan,real
657,mmdgan,mmdgan
658,mmdgan,mmdgan
659,mmdgan,mmdgan
660,mmdgan,mmdgan
661,mmdgan,real
662,mmdgan,mmdgan
663,mmdgan,mmdgan
664,mmdgan,real
665,mmdgan,real
666,mmdgan,mmdgan
667,mmdgan,real
668,mmdgan,cramergan
669,mmdgan,real
670,mmdgan,real
671,mmdgan,mmdgan
672,mmdgan,real
673,mmdgan,real
674,mmdgan,mmdgan
675,mmdgan,real
676,mmdgan,mmdgan
677,mmdgan,real
678,mmdgan,real
679,mmdgan,real
680,mmdgan,real
681,mmdgan,mmdgan
682,mmdgan,real
683,mmdgan,real
684,mmdgan,real
685,mmdgan,cramergan
686,mmdgan,real
687,mmdgan,real
688,mmdgan,progan
689,mmdgan,real
690,mmdgan,mmdgan
691,mmdgan,real
692,mmdgan,real
693,mmdgan,mmdgan
694,mmdgan,real
695,mmdgan,real
696,mmdgan,real
697,mmdgan,mmdgan
698,mmdgan,real
699,mmdgan,mmdgan
700,mmdgan,mmdgan
701,mmdgan,mmdgan
702,mmdgan,mmdgan
703,mmdgan,real
704,mmdgan,real
705,mmdgan,mmdgan
706,mmdgan,real
707,mmdgan,real
708,mmdgan,mmdgan
709,mmdgan,mmdgan
710,mmdgan,cramergan
711,mmdgan,real
712,mmdgan,mmdgan
713,mmdgan,real
714,mmdgan,real
715,mmdgan,real
716,mmdgan,real
717,mmdgan,mmdgan
718,mmdgan,mmdgan
719,mmdgan,real
720,mmdgan,real
721,mmdgan,mmdgan
722,mmdgan,mmdgan
723,mmdgan,mmdgan
724,mmdgan,real
725,mmdgan,real
726,mmdgan,mmdgan
727,mmdgan,mmdgan
728,mmdgan,real
729,mmdgan,cramergan
730,mmdgan,mmdgan
731,mmdgan,real
732,mmdgan,real
733,mmdgan,real
734,mmdgan,mmdgan
735,mmdgan,real
736,mmdgan,mmdgan
737,mmdgan,mmdgan
738,mmdgan,real
739,mmdgan,real
740,mmdgan,real
741,mmdgan,mmdgan
742,mmdgan,real
743,mmdgan,real
744,mmdgan,real
745,mmdgan,real
746,mmdgan,real
747,mmdgan,real
748,mmdgan,real
749,mmdgan,mmdgan
750,mmdgan,mmdgan
751,mmdgan,mmdgan
752,mmdgan,mmdgan
753,mmdgan,mmdgan
754,mmdgan,real
755,mmdgan,mmdgan
756,mmdgan,mmdgan
757,mmdgan,real
758,mmdgan,mmdgan
759,mmdgan,progan
760,mmdgan,mmdgan
761,mmdgan,mmdgan
762,mmdgan,mmdgan
763,mmdgan,real
764,mmdgan,mmdgan
765,mmdgan,real
766,mmdgan,real
767,mmdgan,real
768,mmdgan,real
769,mmdgan,real
770,mmdgan,real
771,mmdgan,real
772,mmdgan,progan
773,mmdgan,real
774,mmdgan,real
775,mmdgan,mmdgan
776,mmdgan,real
777,mmdgan,mmdgan
778,mmdgan,mmdgan
779,mmdgan,mmdgan
780,mmdgan,mmdgan
781,mmdgan,mmdgan
782,mmdgan,mmdgan
783,mmdgan,progan
784,mmdgan,real
785,mmdgan,real
786,mmdgan,real
787,mmdgan,real
788,mmdgan,progan
789,mmdgan,real
790,mmdgan,cramergan
791,mmdgan,real
792,mmdgan,real
793,mmdgan,mmdgan
794,mmdgan,real
795,mmdgan,real
796,mmdgan,real
797,mmdgan,real
798,mmdgan,mmdgan
799,mmdgan,real
800,mmdgan,mmdgan
801,mmdgan,mmdgan
802,mmdgan,real
803,mmdgan,real
804,mmdgan,real
805,mmdgan,mmdgan
806,mmdgan,mmdgan
807,mmdgan,real
808,mmdgan,real
809,mmdgan,progan
810,mmdgan,cramergan
811,mmdgan,real
812,mmdgan,real
813,mmdgan,mmdgan
814,mmdgan,mmdgan
815,mmdgan,real
816,mmdgan,real
817,mmdgan,real
818,mmdgan,real
819,mmdgan,real
820,mmdgan,real
821,mmdgan,mmdgan
822,mmdgan,real
823,mmdgan,real
824,mmdgan,mmdgan
825,mmdgan,mmdgan
826,mmdgan,mmdgan
827,mmdgan,mmdgan
828,mmdgan,mmdgan
829,mmdgan,real
830,mmdgan,real
831,mmdgan,mmdgan
832,mmdgan,real
833,mmdgan,real
834,mmdgan,mmdgan
835,mmdgan,real
836,mmdgan,progan
837,mmdgan,mmdgan
838,mmdgan,mmdgan
839,mmdgan,mmdgan
840,mmdgan,mmdgan
841,mmdgan,real
842,mmdgan,real
843,mmdgan,real
844,mmdgan,mmdgan
845,mmdgan,mmdgan
846,mmdgan,mmdgan
847,mmdgan,mmdgan
848,mmdgan,mmdgan
849,mmdgan,mmdgan
850,mmdgan,real
851,mmdgan,real
852,mmdgan,real
853,mmdgan,real
854,mmdgan,real
855,mmdgan,real
856,mmdgan,mmdgan
857,mmdgan,real
858,mmdgan,real
859,mmdgan,mmdgan
860,mmdgan,real
861,mmdgan,mmdgan
862,mmdgan,progan
863,mmdgan,real
864,mmdgan,real
865,mmdgan,real
866,mmdgan,real
867,mmdgan,real
868,mmdgan,real
869,mmdgan,real
870,mmdgan,real
871,mmdgan,mmdgan
872,mmdgan,real
873,mmdgan,mmdgan
874,mmdgan,real
875,mmdgan,mmdgan
876,mmdgan,mmdgan
877,mmdgan,progan
878,mmdgan,real
879,mmdgan,mmdgan
880,mmdgan,real
881,mmdgan,real
882,mmdgan,real
883,mmdgan,real
884,mmdgan,mmdgan
885,mmdgan,real
886,mmdgan,real
887,mmdgan,mmdgan
888,mmdgan,real
889,mmdgan,real
890,mmdgan,mmdgan
891,mmdgan,mmdgan
892,mmdgan,mmdgan
893,mmdgan,real
894,mmdgan,real
895,mmdgan,mmdgan
896,mmdgan,mmdgan
897,mmdgan,real
898,mmdgan,cramergan
899,mmdgan,real
900,mmdgan,mmdgan
901,mmdgan,real
902,mmdgan,mmdgan
903,mmdgan,mmdgan
904,mmdgan,real
905,mmdgan,mmdgan
906,mmdgan,mmdgan
907,mmdgan,mmdgan
908,mmdgan,real
909,mmdgan,real
910,mmdgan,mmdgan
911,mmdgan,mmdgan
912,mmdgan,mmdgan
913,mmdgan,mmdgan
914,mmdgan,real
915,mmdgan,mmdgan
916,mmdgan,real
917,mmdgan,mmdgan
918,mmdgan,real
919,mmdgan,real
920,mmdgan,mmdgan
921,mmdgan,mmdgan
922,mmdgan,real
923,mmdgan,mmdgan
924,mmdgan,mmdgan
925,mmdgan,real
926,mmdgan,real
927,mmdgan,mmdgan
928,mmdgan,real
929,mmdgan,real
930,mmdgan,real
931,mmdgan,real
932,mmdgan,cramergan
933,mmdgan,mmdgan
934,mmdgan,real
935,mmdgan,real
936,mmdgan,real
937,mmdgan,mmdgan
938,mmdgan,mmdgan
939,mmdgan,mmdgan
940,mmdgan,mmdgan
941,mmdgan,mmdgan
942,mmdgan,mmdgan
943,mmdgan,real
944,mmdgan,real
945,mmdgan,real
946,mmdgan,mmdgan
947,mmdgan,mmdgan
948,mmdgan,real
949,mmdgan,mmdgan
950,mmdgan,mmdgan
951,mmdgan,mmdgan
952,mmdgan,mmdgan
953,mmdgan,mmdgan
954,mmdgan,real
955,mmdgan,real
956,mmdgan,real
957,mmdgan,mmdgan
958,mmdgan,mmdgan
959,mmdgan,real
960,mmdgan,real
961,mmdgan,real
962,mmdgan,mmdgan
963,mmdgan,real
964,mmdgan,real
965,mmdgan,real
966,mmdgan,real
967,mmdgan,mmdgan
968,mmdgan,real
969,mmdgan,mmdgan
970,mmdgan,real
971,mmdgan,real
972,mmdgan,real
973,mmdgan,real
974,mmdgan,real
975,mmdgan,real
976,mmdgan,real
977,mmdgan,mmdgan
978,mmdgan,mmdgan
979,mmdgan,mmdgan
980,mmdgan,real
981,mmdgan,mmdgan
982,mmdgan,real
983,mmdgan,real
984,mmdgan,mmdgan
985,mmdgan,real
986,mmdgan,real
987,mmdgan,real
988,mmdgan,real
989,mmdgan,real
990,mmdgan,real
991,mmdgan,real
992,mmdgan,real
993,mmdgan,progan
994,mmdgan,real
995,mmdgan,mmdgan
996,mmdgan,real
997,mmdgan,progan
998,mmdgan,real
999,mmdgan,real
1000,progan,progan
1001,progan,real
1002,progan,progan
1003,progan,progan
1004,progan,progan
1005,progan,progan
1006,progan,progan
1007,progan,progan
1008,progan,real
1009,progan,real
1010,progan,real
1011,progan,mmdgan
1012,progan,progan
1013,progan,progan
1014,progan,real
1015,progan,progan
1016,progan,real
1017,progan,real
1018,progan,real
1019,progan,real
1020,progan,progan
1021,progan,real
1022,progan,real
1023,progan,real
1024,progan,real
1025,progan,progan
1026,progan,progan
1027,progan,real
1028,progan,progan
1029,progan,real
1030,progan,real
1031,progan,progan
1032,progan,real
1033,progan,real
1034,progan,progan
1035,progan,real
1036,progan,real
1037,progan,progan
1038,progan,real
1039,progan,real
1040,progan,cramergan
1041,progan,real
1042,progan,real
1043,progan,real
1044,progan,mmdgan
1045,progan,real
1046,progan,real
1047,progan,real
1048,progan,real
1049,progan,real
1050,progan,real
1051,progan,real
1052,progan,progan
1053,progan,real
1054,progan,real
1055,progan,real
1056,progan,real
1057,progan,progan
1058,progan,real
1059,progan,real
1060,progan,progan
1061,progan,progan
1062,progan,real
1063,progan,progan
1064,progan,real
1065,progan,progan
1066,progan,real
1067,progan,real
1068,progan,progan
1069,progan,real
1070,progan,progan
1071,progan,mmdgan
1072,progan,progan
1073,progan,real
1074,progan,progan
1075,progan,progan
1076,progan,real
1077,progan,real
1078,progan,progan
1079,progan,progan
1080,progan,real
1081,progan,real
1082,progan,progan
1083,progan,real
1084,progan,real
1085,progan,real
1086,progan,real
1087,progan,real
1088,progan,progan
1089,progan,real
1090,progan,real
1091,progan,mmdgan
1092,progan,real
1093,progan,real
1094,progan,real
1095,progan,real
1096,progan,real
1097,progan,real
1098,progan,real
1099,progan,progan
1100,progan,real
1101,progan,real
1102,progan,mmdgan
1103,progan,progan
1104,progan,progan
1105,progan,real
1106,progan,progan
1107,progan,real
1108,progan,real
1109,progan,real
1110,progan,real
1111,progan,real
1112,progan,real
1113,progan,real
1114,progan,real
1115,progan,real
1116,progan,mmdgan
1117,progan,real
1118,progan,progan
1119,progan,real
1120,progan,real
1121,progan,real
1122,progan,real
1123,progan,real
1124,progan,real
1125,progan,real
1126,progan,real
1127,progan,real
1128,progan,progan
1129,progan,progan
1130,progan,real
1131,progan,real
1132,progan,progan
1133,progan,real
1134,progan,real
1135,progan,mmdgan
1136,progan,real
1137,progan,progan
1138,progan,real
1139,progan,real
1140,progan,real
1141,progan,real
1142,progan,progan
1143,progan,progan
1144,progan,real
1145,progan,progan
1146,progan,progan
1147,progan,real
1148,progan,progan
1149,progan,real
1150,progan,progan
1151,progan,mmdgan
1152,progan,real
1153,progan,progan
1154,progan,progan
1155,progan,real
1156,progan,progan
1157,progan,progan
1158,progan,real
1159,progan,real
1160,progan,real
1161,progan,real
1162,progan,progan
1163,progan,progan
1164,progan,real
1165,progan,real
1166,progan,real
1167,progan,real
1168,progan,real
1169,progan,real
1170,progan,real
1171,progan,real
1172,progan,progan
1173,progan,progan
1174,progan,progan
1175,progan,real
1176,progan,progan
1177,progan,progan
1178,progan,progan
1179,progan,progan
1180,progan,progan
1181,progan,real
1182,progan,real
1183,progan,real
1184,progan,progan
1185,progan,cramergan
1186,progan,progan
1187,progan,real
1188,progan,real
1189,progan,progan
1190,progan,real
1191,progan,real
1192,progan,progan
1193,progan,real
1194,progan,progan
1195,progan,real
1196,progan,real
1197,progan,progan
1198,progan,real
1199,progan,mmdgan
1200,progan,real
1201,progan,progan
1202,progan,progan
1203,progan,real
1204,progan,real
1205,progan,progan
1206,progan,real
1207,progan,progan
1208,progan,real
1209,progan,real
1210,progan,real
1211,progan,real
1212,progan,real
1213,progan,mmdgan
1214,progan,real
1215,progan,progan
1216,progan,real
1217,progan,progan
1218,progan,real
1219,progan,progan
1220,progan,real
1221,progan,real
1222,progan,real
1223,progan,real
1224,progan,real
1225,progan,progan
1226,progan,progan
1227,progan,progan
1228,progan,progan
1229,progan,progan
1230,progan,real
1231,progan,real
1232,progan,real
1233,progan,real
1234,progan,progan
1235,progan,real
1236,progan,real
1237,progan,real
1238,progan,real
1239,progan,progan
1240,progan,progan
1241,progan,progan
1242,progan,real
1243,progan,real
1244,progan,real
1245,progan,real
1246,progan,real
1247,progan,real
1248,progan,real
1249,progan,progan
1250,progan,real
1251,progan,real
1252,progan,progan
1253,progan,progan
1254,progan,progan
1255,progan,progan
1256,progan,progan
1257,progan,progan
1258,progan,progan
1259,progan,real
1260,progan,real
1261,progan,progan
1262,progan,real
1263,progan,progan
1264,progan,real
1265,progan,real
1266,progan,real
1267,progan,progan
1268,progan,real
1269,progan,real
1270,progan,mmdgan
1271,progan,real
1272,progan,real
1273,progan,real
1274,progan,progan
1275,progan,progan
1276,progan,progan
1277,progan,progan
1278,progan,mmdgan
1279,progan,real
1280,progan,real
1281,progan,progan
1282,progan,progan
1283,progan,real
1284,progan,real
1285,progan,real
1286,progan,mmdgan
1287,progan,progan
1288,progan,real
1289,progan,progan
1290,progan,progan
1291,progan,real
1292,progan,progan
1293,progan,real
1294,progan,real
1295,progan,real
1296,progan,mmdgan
1297,progan,real
1298,progan,real
1299,progan,real
1300,progan,progan
1301,progan,progan
1302,progan,real
1303,progan,mmdgan
1304,progan,real
1305,progan,real
1306,progan,real
1307,progan,real
1308,progan,real
1309,progan,real
1310,progan,real
1311,progan,progan
1312,progan,mmdgan
1313,progan,progan
1314,progan,real
1315,progan,real
1316,progan,real
1317,progan,real
1318,progan,progan
1319,progan,progan
1320,progan,real
1321,progan,real
1322,progan,real
1323,progan,mmdgan
1324,progan,progan
1325,progan,real
1326,progan,real
1327,progan,real
1328,progan,real
1329,progan,progan
1330,progan,real
1331,progan,real
1332,progan,real
1333,progan,real
1334,progan,mmdgan
1335,progan,real
1336,progan,real
1337,progan,progan
1338,progan,real
1339,progan,progan
1340,progan,real
1341,progan,real
1342,progan,real
1343,progan,real
1344,progan,real
1345,progan,real
1346,progan,real
1347,progan,mmdgan
1348,progan,real
1349,progan,real
1350,progan,progan
1351,progan,progan
1352,progan,real
1353,progan,real
1354,progan,real
1355,progan,real
1356,progan,progan
1357,progan,real
1358,progan,real
1359,progan,real
1360,progan,real
1361,progan,real
1362,progan,real
1363,progan,real
1364,progan,real
1365,progan,real
1366,progan,real
1367,progan,real
1368,progan,real
1369,progan,real
1370,progan,progan
1371,progan,real
1372,progan,real
1373,progan,real
1374,progan,progan
1375,progan,progan
1376,progan,progan
1377,progan,real
1378,progan,progan
1379,progan,real
1380,progan,progan
1381,progan,real
1382,progan,real
1383,progan,real
1384,progan,real
1385,progan,real
1386,progan,real
1387,progan,real
1388,progan,real
1389,progan,progan
1390,progan,real
1391,progan,real
1392,progan,real
1393,progan,real
1394,progan,progan
1395,progan,real
1396,progan,real
1397,progan,real
1398,progan,real
1399,progan,progan
1400,progan,progan
1401,progan,real
1402,progan,mmdgan
1403,progan,progan
1404,progan,real
1405,progan,progan
1406,progan,real
1407,progan,progan
1408,progan,real
1409,progan,real
1410,progan,real
1411,progan,real
1412,progan,real
1413,progan,real
1414,progan,real
1415,progan,real
1416,progan,real
1417,progan,real
1418,progan,progan
1419,progan,real
1420,progan,progan
1421,progan,progan
1422,progan,real
1423,progan,progan
1424,progan,progan
1425,progan,real
1426,progan,real
1427,progan,real
1428,progan,real
1429,progan,progan
1430,progan,cramergan
1431,progan,real
1432,progan,progan
1433,progan,progan
1434,progan,real
1435,progan,real
1436,progan,real
1437,progan,real
1438,progan,progan
1439,progan,progan
1440,progan,progan
1441,progan,progan
1442,progan,real
1443,progan,real
1444,progan,real
1445,progan,real
1446,progan,real
1447,progan,progan
1448,progan,cramergan
1449,progan,real
1450,progan,real
1451,progan,real
1452,progan,real
1453,progan,real
1454,progan,real
1455,progan,real
1456,progan,real
1457,progan,real
1458,progan,real
1459,progan,real
1460,progan,real
1461,progan,mmdgan
1462,progan,real
1463,progan,progan
1464,progan,real
1465,progan,progan
1466,progan,real
1467,progan,progan
1468,progan,real
1469,progan,progan
1470,progan,real
1471,progan,progan
1472,progan,real
1473,progan,real
1474,progan,real
1475,progan,real
1476,progan,real
1477,progan,progan
1478,progan,real
1479,progan,real
1480,progan,progan
1481,progan,real
1482,progan,real
1483,progan,progan
1484,progan,real
1485,progan,progan
1486,progan,progan
1487,progan,real
1488,progan,progan
1489,progan,real
1490,progan,progan
1491,progan,real
1492,progan,real
1493,progan,progan
1494,progan,progan
1495,progan,real
1496,progan,progan
1497,progan,progan
1498,progan,progan
1499,progan,real
1500,real,real
1501,real,real
1502,real,real
1503,real,real
1504,real,progan
1505,real,real
1506,real,real
1507,real,real
1508,real,mmdgan
1509,real,mmdgan
1510,real,real
1511,real,real
1512,real,real
1513,real,real
1514,real,real
1515,real,progan
1516,real,real
1517,real,real
1518,real,real
1519,real,real
1520,real,real
1521,real,real
1522,real,mmdgan
1523,real,real
1524,real,real
1525,real,real
1526,real,real
1527,real,real
1528,real,real
1529,real,real
1530,real,real
1531,real,mmdgan
1532,real,real
1533,real,progan
1534,real,real
1535,real,real
1536,real,real
1537,real,real
1538,real,real
1539,real,mmdgan
1540,real,real
1541,real,real
1542,real,mmdgan
1543,real,real
1544,real,real
1545,real,cramergan
1546,real,real
1547,real,real
1548,real,mmdgan
1549,real,real
1550,real,real
1551,real,real
1552,real,real
1553,real,real
1554,real,real
1555,real,real
1556,real,real
1557,real,mmdgan
1558,real,real
1559,real,real
1560,real,real
1561,real,real
1562,real,real
1563,real,real
1564,real,real
1565,real,real
1566,real,mmdgan
1567,real,real
1568,real,real
1569,real,real
1570,real,real
1571,real,real
1572,real,real
1573,real,real
1574,real,real
1575,real,real
1576,real,real
1577,real,real
1578,real,real
1579,real,real
1580,real,real
1581,real,mmdgan
1582,real,real
1583,real,real
1584,real,real
1585,real,real
1586,real,real
1587,real,real
1588,real,real
1589,real,real
1590,real,real
1591,real,real
1592,real,real
1593,real,real
1594,real,real
1595,real,real
1596,real,real
1597,real,mmdgan
1598,real,real
1599,real,mmdgan
1600,real,real
1601,real,real
1602,real,real
1603,real,mmdgan
1604,real,real
1605,real,real
1606,real,real
1607,real,real
1608,real,real
1609,real,real
1610,real,cramergan
1611,real,real
1612,real,real
1613,real,real
1614,real,real
1615,real,real
1616,real,real
1617,real,mmdgan
1618,real,real
1619,real,real
1620,real,real
1621,real,real
1622,real,real
1623,real,real
1624,real,real
1625,real,cramergan
1626,real,real
1627,real,real
1628,real,real
1629,real,real
1630,real,real
1631,real,real
1632,real,real
1633,real,real
1634,real,mmdgan
1635,real,mmdgan
1636,real,real
1637,real,mmdgan
1638,real,real
1639,real,real
1640,real,real
1641,real,real
1642,real,real
1643,real,real
1644,real,real
1645,real,real
1646,real,real
1647,real,real
1648,real,real
1649,real,real
1650,real,real
1651,real,real
1652,real,real
1653,real,real
1654,real,real
1655,real,real
1656,real,real
1657,real,real
1658,real,real
1659,real,real
1660,real,real
1661,real,real
1662,real,real
1663,real,real
1664,real,real
1665,real,real
1666,real,real
1667,real,real
1668,real,real
1669,real,real
1670,real,real
1671,real,mmdgan
1672,real,real
1673,real,real
1674,real,real
1675,real,mmdgan
1676,real,real
1677,real,real
1678,real,real
1679,real,real
1680,real,real
1681,real,real
1682,real,real
1683,real,real
1684,real,real
1685,real,mmdgan
1686,real,real
1687,real,real
1688,real,progan
1689,real,real
1690,real,real
1691,real,mmdgan
1692,real,real
1693,real,real
1694,real,real
1695,real,real
1696,real,real
1697,real,real
1698,real,real
1699,real,real
1700,real,real
1701,real,real
1702,real,real
1703,real,progan
1704,real,progan
1705,real,mmdgan
1706,real,real
1707,real,progan
1708,real,real
1709,real,real
1710,real,real
1711,real,progan
1712,real,real
1713,real,real
1714,real,real
1715,real,real
1716,real,real
1717,real,real
1718,real,real
1719,real,real
1720,real,real
1721,real,real
1722,real,real
1723,real,real
1724,real,real
1725,real,real
1726,real,real
1727,real,real
1728,real,real
1729,real,real
1730,real,mmdgan
1731,real,real
1732,real,real
1733,real,real
1734,real,real
1735,real,real
1736,real,real
1737,real,real
1738,real,real
1739,real,real
1740,real,real
1741,real,real
1742,real,real
1743,real,real
1744,real,real
1745,real,mmdgan
1746,real,real
1747,real,real
1748,real,real
1749,real,real
1750,real,real
1751,real,real
1752,real,real
1753,real,real
1754,real,real
1755,real,real
1756,real,real
1757,real,real
1758,real,real
1759,real,real
1760,real,progan
1761,real,real
1762,real,real
1763,real,real
1764,real,mmdgan
1765,real,real
1766,real,real
1767,real,real
1768,real,real
1769,real,real
1770,real,mmdgan
1771,real,real
1772,real,real
1773,real,real
1774,real,real
1775,real,real
1776,real,real
1777,real,real
1778,real,real
1779,real,real
1780,real,progan
1781,real,real
1782,real,real
1783,real,real
1784,real,real
1785,real,real
1786,real,real
1787,real,real
1788,real,real
1789,real,real
1790,real,real
1791,real,real
1792,real,real
1793,real,progan
1794,real,real
1795,real,real
1796,real,real
1797,real,progan
1798,real,real
1799,real,real
1800,real,real
1801,real,mmdgan
1802,real,real
1803,real,real
1804,real,real
1805,real,progan
1806,real,real
1807,real,real
1808,real,real
1809,real,real
1810,real,real
1811,real,real
1812,real,real
1813,real,real
1814,real,real
1815,real,real
1816,real,real
1817,real,real
1818,real,mmdgan
1819,real,real
1820,real,real
1821,real,real
1822,real,real
1823,real,real
1824,real,real
1825,real,real
1826,real,real
1827,real,real
1828,real,real
1829,real,real
1830,real,real
1831,real,real
1832,real,real
1833,real,real
1834,real,mmdgan
1835,real,real
1836,real,real
1837,real,real
1838,real,real
1839,real,real
1840,real,real
1841,real,real
1842,real,real
1843,real,mmdgan
1844,real,real
1845,real,real
1846,real,real
1847,real,real
1848,real,real
1849,real,real
1850,real,real
1851,real,real
1852,real,real
1853,real,real
1854,real,real
1855,real,real
1856,real,real
1857,real,real
1858,real,real
1859,real,real
1860,real,mmdgan
1861,real,real
1862,real,real
1863,real,real
1864,real,real
1865,real,real
1866,real,real
1867,real,real
1868,real,real
1869,real,real
1870,real,cramergan
1871,real,real
1872,real,real
1873,real,real
1874,real,real
1875,real,real
1876,real,progan
1877,real,real
1878,real,real
1879,real,real
1880,real,real
1881,real,cramergan
1882,real,real
1883,real,real
1884,real,real
1885,real,real
1886,real,real
1887,real,real
1888,real,real
1889,real,real
1890,real,real
1891,real,real
1892,real,real
1893,real,real
1894,real,progan
1895,real,real
1896,real,real
1897,real,real
1898,real,real
1899,real,real
1900,real,real
1901,real,real
1902,real,real
1903,real,real
1904,real,real
1905,real,real
1906,real,real
1907,real,real
1908,real,progan
1909,real,real
1910,real,real
1911,real,real
1912,real,real
1913,real,real
1914,real,real
1915,real,real
1916,real,real
1917,real,real
1918,real,real
1919,real,real
1920,real,real
1921,real,real
1922,real,real
1923,real,real
1924,real,real
1925,real,real
1926,real,real
1927,real,real
1928,real,real
1929,real,real
1930,real,real
1931,real,real
1932,real,real
1933,real,real
1934,real,real
1935,real,real
1936,real,real
1937,real,real
1938,real,real
1939,real,real
1940,real,real
1941,real,real
1942,real,real
1943,real,real
1944,real,real
1945,real,real
1946,real,real
1947,real,real
1948,real,real
1949,real,real
1950,real,real
1951,real,real
1952,real,real
1953,real,real
1954,real,real
1955,real,real
1956,real,real
1957,real,real
1958,real,real
1959,real,real
1960,real,real
1961,real,real
1962,real,real
1963,real,real
1964,real,real
1965,real,real
1966,real,mmdgan
1967,real,real
1968,real,real
1969,real,real
1970,real,real
1971,real,real
1972,real,mmdgan
1973,real,real
1974,real,real
1975,real,real
1976,real,real
1977,real,real
1978,real,mmdgan
1979,real,real
1980,real,cramergan
1981,real,real
1982,real,real
1983,real,mmdgan
1984,real,real
1985,real,real
1986,real,real
1987,real,real
1988,real,real
1989,real,real
1990,real,real
1991,real,real
1992,real,real
1993,real,real
1994,real,real
1995,real,real
1996,real,real
1997,real,progan
1998,real,real
1999,real,real
2000,sngan,real
2001,sngan,sngan
2002,sngan,sngan
2003,sngan,sngan
2004,sngan,real
2005,sngan,sngan
2006,sngan,real
2007,sngan,sngan
2008,sngan,real
2009,sngan,sngan
2010,sngan,real
2011,sngan,real
2012,sngan,mmdgan
2013,sngan,mmdgan
2014,sngan,sngan
2015,sngan,sngan
2016,sngan,real
2017,sngan,real
2018,sngan,real
2019,sngan,real
2020,sngan,real
2021,sngan,cramergan
2022,sngan,sngan
2023,sngan,sngan
2024,sngan,real
2025,sngan,real
2026,sngan,sngan
2027,sngan,sngan
2028,sngan,sngan
2029,sngan,real
2030,sngan,real
2031,sngan,sngan
2032,sngan,real
2033,sngan,real
2034,sngan,sngan
2035,sngan,progan
2036,sngan,sngan
2037,sngan,real
2038,sngan,sngan
2039,sngan,real
2040,sngan,mmdgan
2041,sngan,sngan
2042,sngan,real
2043,sngan,mmdgan
2044,sngan,real
2045,sngan,real
2046,sngan,sngan
2047,sngan,progan
2048,sngan,real
2049,sngan,sngan
2050,sngan,sngan
2051,sngan,mmdgan
2052,sngan,real
2053,sngan,real
2054,sngan,real
2055,sngan,real
2056,sngan,sngan
2057,sngan,real
2058,sngan,sngan
2059,sngan,sngan
2060,sngan,real
2061,sngan,real
2062,sngan,real
2063,sngan,sngan
2064,sngan,sngan
2065,sngan,real
2066,sngan,real
2067,sngan,sngan
2068,sngan,mmdgan
2069,sngan,real
2070,sngan,sngan
2071,sngan,sngan
2072,sngan,sngan
2073,sngan,sngan
2074,sngan,real
2075,sngan,real
2076,sngan,mmdgan
2077,sngan,progan
2078,sngan,sngan
2079,sngan,sngan
2080,sngan,real
2081,sngan,sngan
2082,sngan,real
2083,sngan,sngan
2084,sngan,sngan
2085,sngan,progan
2086,sngan,sngan
2087,sngan,progan
2088,sngan,real
2089,sngan,sngan
2090,sngan,sngan
2091,sngan,real
2092,sngan,sngan
2093,sngan,real
2094,sngan,sngan
2095,sngan,sngan
2096,sngan,progan
2097,sngan,sngan
2098,sngan,sngan
2099,sngan,real
2100,sngan,sngan
2101,sngan,sngan
2102,sngan,sngan
2103,sngan,real
2104,sngan,real
2105,sngan,real
2106,sngan,real
2107,sngan,real
2108,sngan,real
2109,sngan,sngan
2110,sngan,real
2111,sngan,real
2112,sngan,sngan
2113,sngan,real
2114,sngan,sngan
2115,sngan,sngan
2116,sngan,real
2117,sngan,sngan
2118,sngan,sngan
2119,sngan,sngan
2120,sngan,sngan
2121,sngan,real
2122,sngan,real
2123,sngan,real
2124,sngan,sngan
2125,sngan,sngan
2126,sngan,real
2127,sngan,real
2128,sngan,sngan
2129,sngan,real
2130,sngan,real
2131,sngan,sngan
2132,sngan,real
2133,sngan,sngan
2134,sngan,sngan
2135,sngan,mmdgan
2136,sngan,real
2137,sngan,sngan
2138,sngan,real
2139,sngan,sngan
2140,sngan,sngan
2141,sngan,real
2142,sngan,real
2143,sngan,mmdgan
2144,sngan,real
2145,sngan,real
2146,sngan,real
2147,sngan,real
2148,sngan,sngan
2149,sngan,real
2150,sngan,real
2151,sngan,real
2152,sngan,mmdgan
2153,sngan,sngan
2154,sngan,sngan
2155,sngan,real
2156,sngan,real
2157,sngan,real
2158,sngan,mmdgan
2159,sngan,sngan
2160,sngan,real
2161,sngan,real
2162,sngan,real
2163,sngan,real
2164,sngan,sngan
2165,sngan,mmdgan
2166,sngan,real
2167,sngan,progan
2168,sngan,sngan
2169,sngan,mmdgan
2170,sngan,sngan
2171,sngan,real
2172,sngan,sngan
2173,sngan,sngan
2174,sngan,sngan
2175,sngan,progan
2176,sngan,real
2177,sngan,real
2178,sngan,real
2179,sngan,real
2180,sngan,sngan
2181,sngan,mmdgan
2182,sngan,real
2183,sngan,real
2184,sngan,sngan
2185,sngan,progan
2186,sngan,sngan
2187,sngan,real
2188,sngan,sngan
2189,sngan,real
2190,sngan,mmdgan
2191,sngan,real
2192,sngan,real
2193,sngan,real
2194,sngan,real
2195,sngan,sngan
2196,sngan,real
2197,sngan,sngan
2198,sngan,mmdgan
2199,sngan,progan
2200,sngan,real
2201,sngan,sngan
2202,sngan,sngan
2203,sngan,real
2204,sngan,sngan
2205,sngan,sngan
2206,sngan,sngan
2207,sngan,mmdgan
2208,sngan,sngan
2209,sngan,real
2210,sngan,real
2211,sngan,real
2212,sngan,real
2213,sngan,cramergan
2214,sngan,sngan
2215,sngan,sngan
2216,sngan,sngan
2217,sngan,sngan
2218,sngan,real
2219,sngan,sngan
2220,sngan,real
2221,sngan,real
2222,sngan,sngan
2223,sngan,real
2224,sngan,real
2225,sngan,sngan
2226,sngan,mmdgan
2227,sngan,sngan
2228,sngan,real
2229,sngan,sngan
2230,sngan,sngan
2231,sngan,sngan
2232,sngan,mmdgan
2233,sngan,real
2234,sngan,sngan
2235,sngan,sngan
2236,sngan,real
2237,sngan,sngan
2238,sngan,real
2239,sngan,real
2240,sngan,real
2241,sngan,sngan
2242,sngan,sngan
2243,sngan,real
2244,sngan,sngan
2245,sngan,progan
2246,sngan,real
2247,sngan,progan
2248,sngan,sngan
2249,sngan,sngan
2250,sngan,sngan
2251,sngan,sngan
2252,sngan,real
2253,sngan,sngan
2254,sngan,sngan
2255,sngan,real
2256,sngan,real
2257,sngan,sngan
2258,sngan,real
2259,sngan,sngan
2260,sngan,real
2261,sngan,real
2262,sngan,sngan
2263,sngan,mmdgan
2264,sngan,sngan
2265,sngan,sngan
2266,sngan,real
2267,sngan,sngan
2268,sngan,real
2269,sngan,progan
2270,sngan,sngan
2271,sngan,real
2272,sngan,sngan
2273,sngan,sngan
2274,sngan,sngan
2275,sngan,real
2276,sngan,progan
2277,sngan,real
2278,sngan,mmdgan
2279,sngan,sngan
2280,sngan,real
2281,sngan,sngan
2282,sngan,sngan
2283,sngan,real
2284,sngan,real
2285,sngan,sngan
2286,sngan,real
2287,sngan,real
2288,sngan,sngan
2289,sngan,sngan
2290,sngan,real
2291,sngan,sngan
2292,sngan,real
2293,sngan,sngan
2294,sngan,sngan
2295,sngan,sngan
2296,sngan,sngan
2297,sngan,sngan
2298,sngan,real
2299,sngan,sngan
2300,sngan,sngan
2301,sngan,real
2302,sngan,sngan
2303,sngan,real
2304,sngan,progan
2305,sngan,sngan
2306,sngan,sngan
2307,sngan,sngan
2308,sngan,real
2309,sngan,real
2310,sngan,real
2311,sngan,sngan
2312,sngan,sngan
2313,sngan,sngan
2314,sngan,sngan
2315,sngan,sngan
2316,sngan,sngan
2317,sngan,sngan
2318,sngan,real
2319,sngan,real
2320,sngan,mmdgan
2321,sngan,progan
2322,sngan,sngan
2323,sngan,real
2324,sngan,real
2325,sngan,sngan
2326,sngan,real
2327,sngan,real
2328,sngan,sngan
2329,sngan,real
2330,sngan,real
2331,sngan,real
2332,sngan,real
2333,sngan,real
2334,sngan,sngan
2335,sngan,sngan
2336,sngan,mmdgan
2337,sngan,real
2338,sngan,sngan
2339,sngan,real
2340,sngan,sngan
2341,sngan,real
2342,sngan,sngan
2343,sngan,sngan
2344,sngan,real
2345,sngan,real
2346,sngan,real
2347,sngan,sngan
2348,sngan,real
2349,sngan,sngan
2350,sngan,mmdgan
2351,sngan,real
2352,sngan,real
2353,sngan,real
2354,sngan,real
2355,sngan,real
2356,sngan,real
2357,sngan,sngan
2358,sngan,real
2359,sngan,sngan
2360,sngan,sngan
2361,sngan,sngan
2362,sngan,real
2363,sngan,real
2364,sngan,real
2365,sngan,progan
2366,sngan,sngan
2367,sngan,sngan
2368,sngan,real
2369,sngan,real
2370,sngan,sngan
2371,sngan,real
2372,sngan,real
2373,sngan,real
2374,sngan,real
2375,sngan,real
2376,sngan,mmdgan
2377,sngan,real
2378,sngan,sngan
2379,sngan,sngan
2380,sngan,sngan
2381,sngan,real
2382,sngan,sngan
2383,sngan,real
2384,sngan,sngan
2385,sngan,real
2386,sngan,progan
2387,sngan,sngan
2388,sngan,real
2389,sngan,progan
2390,sngan,progan
2391,sngan,sngan
2392,sngan,mmdgan
2393,sngan,real
2394,sngan,sngan
2395,sngan,sngan
2396,sngan,real
2397,sngan,sngan
2398,sngan,sngan
2399,sngan,real
2400,sngan,real
2401,sngan,progan
2402,sngan,progan
2403,sngan,cramergan
2404,sngan,mmdgan
2405,sngan,real
2406,sngan,real
2407,sngan,real
2408,sngan,cramergan
2409,sngan,mmdgan
2410,sngan,sngan
2411,sngan,sngan
2412,sngan,real
2413,sngan,sngan
2414,sngan,sngan
2415,sngan,sngan
2416,sngan,real
2417,sngan,real
2418,sngan,real
2419,sngan,sngan
2420,sngan,sngan
2421,sngan,real
2422,sngan,real
2423,sngan,real
2424,sngan,real
2425,sngan,real
2426,sngan,sngan
2427,sngan,sngan
2428,sngan,sngan
2429,sngan,sngan
2430,sngan,progan
2431,sngan,real
2432,sngan,real
2433,sngan,sngan
2434,sngan,sngan
2435,sngan,real
2436,sngan,real
2437,sngan,real
2438,sngan,real
2439,sngan,real
2440,sngan,sngan
2441,sngan,real
2442,sngan,sngan
2443,sngan,real
2444,sngan,sngan
2445,sngan,sngan
2446,sngan,real
2447,sngan,real
2448,sngan,sngan
2449,sngan,sngan
2450,sngan,real
2451,sngan,sngan
2452,sngan,sngan
2453,sngan,real
2454,sngan,real
2455,sngan,sngan
2456,sngan,real
2457,sngan,sngan
2458,sngan,progan
2459,sngan,real
2460,sngan,real
2461,sngan,real
2462,sngan,sngan
2463,sngan,real
2464,sngan,progan
2465,sngan,real
2466,sngan,real
2467,sngan,sngan
2468,sngan,real
2469,sngan,real
2470,sngan,real
2471,sngan,real
2472,sngan,sngan
2473,sngan,real
2474,sngan,real
2475,sngan,real
2476,sngan,real
2477,sngan,sngan
2478,sngan,sngan
2479,sngan,real
2480,sngan,real
2481,sngan,mmdgan
2482,sngan,sngan
2483,sngan,real
2484,sngan,sngan
2485,sngan,real
2486,sngan,real
2487,sngan,progan
2488,sngan,real
2489,sngan,real
2490,sngan,sngan
2491,sngan,sngan
2492,sngan,real
2493,sngan,real
2494,sngan,sngan
2495,sngan,real
2496,sngan,real
2497,sngan,real
2498,sngan,real
2499,sngan,real
