0,cramergan,real
1,cramergan,mmdgan
2,cramergan,real
3,cramergan,real
4,cramergan,real
5,cramergan,mmdgan
6,cramergan,mmdgan
7,cramergan,cramergan
8,cramergan,real
9,cramergan,real
10,cramergan,sngan
11,cramergan,real
12,cramergan,mmdgan
13,cramergan,real
14,cramergan,mmdgan
15,cramergan,real
16,cramergan,cramergan
17,cramergan,real
18,cramergan,real
19,cramergan,real
20,cramergan,mmdgan
21,cramergan,real
22,cramergan,real
23,cramergan,real
24,cramergan,real
25,cramergan,mmdgan
26,cramergan,real
27,cramergan,cramergan
28,cramergan,real
29,cramergan,mmdgan
30,cramergan,mmdgan
31,cramergan,real
32,cramergan,cramergan
33,cramergan,real
34,cramergan,real
35,cramergan,real
36,cramergan,real
37,cramergan,mmdgan
38,cramergan,real
39,cramergan,real
40,cramergan,real
41,cramergan,real
42,cramergan,real
43,cramergan,mmdgan
44,cramergan,real
45,cramergan,mmdgan
46,cramergan,real
47,cramergan,cramergan
48,cramergan,cramergan
49,cramergan,real
50,cramergan,progan
51,cramergan,real
52,cramergan,mmdgan
53,cramergan,sngan
54,cramergan,mmdgan
55,cramergan,real
56,cramergan,mmdgan
57,cramergan,mmdgan
58,cramergan,real
59,cramergan,mmdgan
60,cramergan,real
61,cramergan,real
62,cramergan,real
63,cramergan,real
64,cramergan,real
65,cramergan,mmdgan
66,cramergan,mmdgan
67,cramergan,real
68,cramergan,real
69,cramergan,real
70,cramergan,real
71,cramergan,mmdgan
72,cramergan,cramergan
73,cramergan,real
74,cramergan,real
75,cramergan,cramergan
76,cramergan,real
77,cramergan,mmdgan
78,cramergan,mmdgan
79,cramergan,mmdgan
80,cramergan,real
81,cramergan,real
82,cramergan,real
83,cramergan,mmdgan
84,cramergan,real
85,cramergan,real
86,cramergan,real
87,cramergan,sngan
88,cramergan,real
89,cramergan,real
90,cramergan,mmdgan
91,cramergan,progan
92,cramergan,mmdgan
93,cramergan,real
94,cramergan,real
95,cramergan,real
96,cramergan,mmdgan
97,cramergan,cramergan
98,cramergan,real
99,cramergan,real
100,cramergan,mmdgan
101,cramergan,real
102,cramergan,mmdgan
103,cramergan,mmdgan
104,cramergan,real
105,cramergan,mmdgan
106,cramergan,real
107,cramergan,real
108,cramergan,real
109,cramergan,mmdgan
110,cramergan,mmdgan
111,cramergan,mmdgan
112,cramergan,real
113,cramergan,real
114,cramergan,mmdgan
115,cramergan,real
116,cramergan,real
117,cramergan,real
118,cramergan,real
119,cramergan,real
120,cramergan,mmdgan
121,cramergan,sngan
122,cramergan,real
123,cramergan,real
124,cramergan,mmdgan
125,cramergan,real
126,cramergan,real
127,cramergan,real
128,cramergan,mmdgan
129,cramergan,real
130,cramergan,cramergan
131,cramergan,mmdgan
132,cramergan,real
133,cramergan,real
134,cramergan,real
135,cramergan,real
136,cramergan,cramergan
137,cramergan,real
138,cramergan,real
139,cramergan,real
140,cramergan,cramergan
141,cramergan,mmdgan
142,cramergan,real
143,cramergan,progan
144,cramergan,real
145,cramergan,real
146,cramergan,mmdgan
147,cramergan,mmdgan
148,cramergan,real
149,cramergan,real
150,cramergan,real
151,cramergan,cramergan
152,cramergan,mmdgan
153,cramergan,real
154,cramergan,real
155,cramergan,real
156,cramergan,real
157,cramergan,real
158,cramergan,real
159,cramergan,real
160,cramergan,real
161,cramergan,cramergan
162,cramergan,mmdgan
163,cramergan,real
164,cramergan,mmdgan
165,cramergan,real
166,cramergan,real
167,cramergan,real
168,cramergan,real
169,cramergan,mmdgan
170,cramergan,real
171,cramergan,mmdgan
172,cramergan,real
173,cramergan,real
174,cramergan,real
175,cramergan,real
176,cramergan,mmdgan
177,cramergan,mmdgan
178,cramergan,mmdgan
179,cramergan,mmdgan
180,cramergan,mmdgan
181,cramergan,mmdgan
182,cramergan,mmdgan
183,cramergan,cramergan
184,cramergan,real
185,cramergan,real
186,cramergan,real
187,cramergan,real
188,cramergan,cramergan
189,cramergan,mmdgan
190,cramergan,sngan
191,cramergan,real
192,cramergan,real
193,cramergan,cramergan
194,cramergan,real
195,cramergan,real
196,cramergan,mmdgan
197,cramergan,real
198,cramergan,real
199,cramergan,cramergan
200,cramergan,real
201,cramergan,mmdgan
202,cramergan,real
203,cramergan,real
204,cramergan,real
205,cramergan,real
206,cramergan,real
207,cramergan,real
208,cramergan,real
209,cramergan,real
210,cramergan,mmdgan
211,cramergan,real
212,cramergan,real
213,cramergan,real
214,cramergan,real
215,cramergan,real
216,cramergan,real
217,cramergan,progan
218,cramergan,real
219,cramergan,real
220,cramergan,mmdgan
221,cramergan,real
222,cramergan,real
223,cramergan,progan
224,cramergan,cramergan
225,cramergan,cramergan
226,cramergan,mmdgan
227,cramergan,real
228,cramergan,real
229,cramergan,real
230,cramergan,progan
231,cramergan,real
232,cramergan,mmdgan
233,cramergan,real
234,cramergan,mmdgan
235,cramergan,real
236,cramergan,progan
237,cramergan,mmdgan
238,cramergan,real
239,cramergan,mmdgan
240,cramergan,real
241,cramergan,mmdgan
242,cramergan,mmdgan
243,cramergan,real
244,cramergan,real
245,cramergan,cramergan
246,cramergan,real
247,cramergan,mmdgan
248,cramergan,real
249,cramergan,mmdgan
250,cramergan,real
251,cramergan,real
252,cramergan,real
253,cramergan,real
254,cramergan,real
255,cramergan,cramergan
256,cramergan,real
257,cramergan,mmdgan
258,cramergan,real
259,cramergan,mmdgan
260,cramergan,real
261,cramergan,real
262,cramergan,real
263,cramergan,mmdgan
264,cramergan,sngan
265,cramergan,mmdgan
266,cramergan,real
267,cramergan,mmdgan
268,cramergan,cramergan
269,cramergan,real
270,cramergan,real
271,cramergan,real
272,cramergan,cramergan
273,cramergan,real
274,cramergan,cramergan
275,cramergan,real
276,cramergan,mmdgan
277,cramergan,mmdgan
278,cramergan,mmdgan
279,cramergan,real
280,cramergan,real
281,cramergan,progan
282,cramergan,real
283,cramergan,mmdgan
284,cramergan,real
285,cramergan,real
286,cramergan,real
287,cramergan,real
288,cramergan,sngan
289,cramergan,real
290,cramergan,real
291,cramergan,real
292,cramergan,real
293,cramergan,real
294,cramergan,mmdgan
295,cramergan,sngan
296,cramergan,real
297,cramergan,real
298,cramergan,real
299,cramergan,real
300,cramergan,cramergan
301,cramergan,cramergan
302,cramergan,cramergan
303,cramergan,mmdgan
304,cramergan,mmdgan
305,cramergan,real
306,cramergan,real
307,cramergan,real
308,cramergan,real
309,cramergan,real
310,cramergan,mmdgan
311,cramergan,progan
312,cramergan,progan
313,cramergan,real
314,cramergan,real
315,cramergan,mmdgan
316,cramergan,progan
317,cramergan,real
318,cramergan,mmdgan
319,cramergan,real
320,cramergan,real
321,cramergan,progan
322,cramergan,real
323,cramergan,sngan
324,cramergan,cramergan
325,cramergan,real
326,cramergan,cramergan
327,cramergan,real
328,cramergan,real
329,cramergan,real
330,cramergan,mmdgan
331,cramergan,real
332,cramergan,mmdgan
333,cramergan,mmdgan
334,cramergan,real
335,cramergan,mmdgan
336,cramergan,mmdgan
337,cramergan,mmdgan
338,cramergan,cramergan
339,cramergan,mmdgan
340,cramergan,sngan
341,cramergan,real
342,cramergan,real
343,cramergan,real
344,cramergan,real
345,cramergan,real
346,cramergan,real
347,cramergan,real
348,cramergan,real
349,cramergan,mmdgan
350,cramergan,real
351,cramergan,real
352,cramergan,mmdgan
353,cramergan,mmdgan
354,cramergan,real
355,cramergan,real
356,cramergan,mmdgan
357,cramergan,real
358,cramergan,real
359,cramergan,real
360,cramergan,real
361,cramergan,real
362,cramergan,mmdgan
363,cramergan,sngan
364,cramergan,cramergan
365,cramergan,real
366,cramergan,real
367,cramergan,real
368,cramergan,mmdgan
369,cramergan,mmdgan
370,cramergan,mmdgan
371,cramergan,real
372,cramergan,mmdgan
373,cramergan,real
374,cramergan,real
375,cramergan,real
376,cramergan,cramergan
377,cramergan,mmdgan
378,cramergan,real
379,cramergan,real
380,cramergan,mmdgan
381,cramergan,progan
382,cramergan,real
383,cramergan,mmdgan
384,cramergan,mmdgan
385,cramergan,real
386,cramergan,sngan
387,cramergan,real
388,cramergan,real
389,cramergan,mmdgan
390,cramergan,real
391,cramergan,cramergan
392,cramergan,real
393,cramergan,real
394,cramergan,real
395,cramergan,real
396,cramergan,real
397,cramergan,real
398,cramergan,real
399,cramergan,real
400,cramergan,mmdgan
401,cramergan,mmdgan
402,cramergan,real
403,cramergan,real
404,cramergan,real
405,cramergan,real
406,cramergan,real
407,cramergan,real
408,cramergan,cramergan
409,cramergan,cramergan
410,cramergan,mmdgan
411,cramergan,real
412,cramergan,real
413,cramergan,progan
414,cramergan,mmdgan
415,cramergan,real
416,cramergan,mmdgan
417,cramergan,real
418,cramergan,real
419,cramergan,mmdgan
420,cramergan,real
421,cramergan,real
422,cramergan,cramergan
423,cramergan,real
424,cramergan,real
425,cramergan,real
426,cramergan,mmdgan
427,cramergan,real
428,cramergan,real
429,cramergan,real
430,cramergan,real
431,cramergan,real
432,cramergan,cramergan
433,cramergan,mmdgan
434,cramergan,real
435,cramergan,real
436,cramergan,real
437,cramergan,real
438,cramergan,cramergan
439,cramergan,real
440,cramergan,mmdgan
441,cramergan,real
442,cramergan,cramergan
443,cramergan,mmdgan
444,cramergan,real
445,cramergan,real
446,cramergan,sngan
447,cramergan,real
448,cramergan,real
449,cramergan,cramergan
450,cramergan,mmdgan
451,cramergan,real
452,cramergan,real
453,cramergan,cramergan
454,cramergan,real
455,cramergan,real
456,cramergan,real
457,cramergan,real
458,cramergan,real
459,cramergan,real
460,cramergan,real
461,cramergan,real
462,cramergan,mmdgan
463,cramergan,real
464,cramergan,real
465,cramergan,real
466,cramergan,real
467,cramergan,mmdgan
468,cramergan,cramergan
469,cramergan,real
470,cramergan,real
471,cramergan,real
472,cramergan,real
473,cramergan,mmdgan
474,cramergan,mmdgan
475,cramergan,real
476,cramergan,real
477,cramergan,real
478,cramergan,mmdgan
479,cramergan,progan
480,cramergan,real
481,cramergan,real
482,cramergan,mmdgan
483,cramergan,real
484,cramergan,real
485,cramergan,cramergan
486,cramergan,real
487,cramergan,real
488,cramergan,mmdgan
489,cramergan,real
490,cramergan,real
491,cramergan,real
492,cramergan,cramergan
493,cramergan,progan
494,cramergan,real
495,cramergan,real
496,cramergan,mmdgan
497,cramergan,real
498,cramergan,real
499,cramergan,real
500,mmdgan,cramergan
501,mmdgan,real
502,mmdgan,mmdgan
503,mmdgan,cramergan
504,mmdgan,real
505,mmdgan,real
506,mmdgan,real
507,mmdgan,real
508,mmdgan,sngan
509,mmdgan,real
510,mmdgan,real
511,mmdgan,progan
512,mmdgan,real
513,mmdgan,real
514,mmdgan,real
515,mmdgan,real
516,mmdgan,real
517,mmdgan,real
518,mmdgan,mmdgan
519,mmdgan,real
520,mmdgan,real
521,mmdgan,sngan
522,mmdgan,real
523,mmdgan,mmdgan
524,mmdgan,real
525,mmdgan,real
526,mmdgan,real
527,mmdgan,mmdgan
528,mmdgan,real
529,mmdgan,real
530,mmdgan,sngan
531,mmdgan,cramergan
532,mmdgan,real
533,mmdgan,cramergan
534,mmdgan,real
535,mmdgan,real
536,mmdgan,mmdgan
537,mmdgan,real
538,mmdgan,mmdgan
539,mmdgan,real
540,mmdgan,cramergan
541,mmdgan,real
542,mmdgan,real
543,mmdgan,mmdgan
544,mmdgan,mmdgan
545,mmdgan,real
546,mmdgan,sngan
547,mmdgan,real
548,mmdgan,real
549,mmdgan,real
550,mmdgan,mmdgan
551,mmdgan,real
552,mmdgan,real
553,mmdgan,mmdgan
554,mmdgan,progan
555,mmdgan,real
556,mmdgan,mmdgan
557,mmdgan,real
558,mmdgan,real
559,mmdgan,real
560,mmdgan,progan
561,mmdgan,cramergan
562,mmdgan,sngan
563,mmdgan,real
564,mmdgan,mmdgan
565,mmdgan,real
566,mmdgan,real
567,mmdgan,real
568,mmdgan,real
569,mmdgan,progan
570,mmdgan,mmdgan
571,mmdgan,real
572,mmdgan,real
573,mmdgan,real
574,mmdgan,real
575,mmdgan,real
576,mmdgan,mmdgan
577,mmdgan,real
578,mmdgan,real
579,mmdgan,real
580,mmdgan,mmdgan
581,mmdgan,real
582,mmdgan,real
583,mmdgan,real
584,mmdgan,real
585,mmdgan,real
586,mmdgan,real
587,mmdgan,real
588,mmdgan,real
589,mmdgan,real
590,mmdgan,real
591,mmdgan,real
592,mmdgan,real
593,mmdgan,mmdgan
594,mmdgan,real
595,mmdgan,mmdgan
596,mmdgan,mmdgan
597,mmdgan,mmdgan
598,mmdgan,cramergan
599,mmdgan,real
600,mmdgan,mmdgan
601,mmdgan,real
602,mmdgan,real
603,mmdgan,mmdgan
604,mmdgan,real
605,mmdgan,real
606,mmdgan,real
607,mmdgan,real
608,mmdgan,mmdgan
609,mmdgan,real
610,mmdgan,real
611,mmdgan,mmdgan
612,mmdgan,real
613,mmdgan,cramergan
614,mmdgan,real
615,mmdgan,real
616,mmdgan,real
617,mmdgan,mmdgan
618,mmdgan,cramergan
619,mmdgan,real
620,mmdgan,real
621,mmdgan,mmdgan
622,mmdgan,mmdgan
623,mmdgan,real
624,mmdgan,cramergan
625,mmdgan,real
626,mmdgan,real
627,mmdgan,cramergan
628,mmdgan,real
629,mmdgan,real
630,mmdgan,real
631,mmdgan,cramergan
632,mmdgan,real
633,mmdgan,real
634,mmdgan,mmdgan
635,mmdgan,mmdgan
636,mmdgan,real
637,mmdgan,real
638,mmdgan,real
639,mmdgan,real
640,mmdgan,real
641,mmdgan,real
642,mmdgan,real
643,mmdgan,cramergan
644,mmdgan,real
645,mmdgan,mmdgan
646,mmdgan,real
647,mmdgan,real
648,mmdgan,real
649,mmdgan,progan
650,mmdgan,cramergan
651,mmdgan,real
652,mmdgan,real
653,mmdgan,real
654,mmdgan,mmdgan
655,mmdgan,cramergan
656,mmdgan,real
657,mmdgan,real
658,mmdgan,mmdgan
659,mmdgan,real
660,mmdgan,real
661,mmdgan,real
662,mmdgan,cramergan
663,mmdgan,real
664,mmdgan,mmdgan
665,mmdgan,mmdgan
666,mmdgan,real
667,mmdgan,real
668,mmdgan,real
669,mmdgan,mmdgan
670,mmdgan,real
671,mmdgan,cramergan
672,mmdgan,real
673,mmdgan,sngan
674,mmdgan,real
675,mmdgan,real
676,mmdgan,real
677,mmdgan,real
678,mmdgan,real
679,mmdgan,cramergan
680,mmdgan,cramergan
681,mmdgan,real
682,mmdgan,real
683,mmdgan,cramergan
684,mmdgan,real
685,mmdgan,mmdgan
686,mmdgan,real
687,mmdgan,mmdgan
688,mmdgan,real
689,mmdgan,mmdgan
690,mmdgan,real
691,mmdgan,real
692,mmdgan,mmdgan
693,mmdgan,mmdgan
694,mmdgan,mmdgan
695,mmdgan,cramergan
696,mmdgan,cramergan
697,mmdgan,mmdgan
698,mmdgan,real
699,mmdgan,cramergan
700,mmdgan,real
701,mmdgan,mmdgan
702,mmdgan,mmdgan
703,mmdgan,real
704,mmdgan,mmdgan
705,mmdgan,real
706,mmdgan,mmdgan
707,mmdgan,real
708,mmdgan,real
709,mmdgan,real
710,mmdgan,mmdgan
711,mmdgan,real
712,mmdgan,real
713,mmdgan,mmdgan
714,mmdgan,cramergan
715,mmdgan,mmdgan
716,mmdgan,real
717,mmdgan,real
718,mmdgan,mmdgan
719,mmdgan,real
720,mmdgan,mmdgan
721,mmdgan,mmdgan
722,mmdgan,cramergan
723,mmdgan,mmdgan
724,mmdgan,mmdgan
725,mmdgan,mmdgan
726,mmdgan,real
727,mmdgan,real
728,mmdgan,mmdgan
729,mmdgan,real
730,mmdgan,real
731,mmdgan,mmdgan
732,mmdgan,real
733,mmdgan,real
734,mmdgan,real
735,mmdgan,real
736,mmdgan,real
737,mmdgan,real
738,mmdgan,real
739,mmdgan,real
740,mmdgan,mmdgan
741,mmdgan,real
742,mmdgan,real
743,mmdgan,real
744,mmdgan,real
745,mmdgan,real
746,mmdgan,mmdgan
747,mmdgan,real
748,mmdgan,real
749,mmdgan,real
750,mmdgan,real
751,mmdgan,mmdgan
752,mmdgan,mmdgan
753,mmdgan,real
754,mmdgan,real
755,mmdgan,real
756,mmdgan,cramergan
757,mmdgan,mmdgan
758,mmdgan,real
759,mmdgan,progan
760,mmdgan,real
761,mmdgan,mmdgan
762,mmdgan,mmdgan
763,mmdgan,cramergan
764,mmdgan,mmdgan
765,mmdgan,real
766,mmdgan,real
767,mmdgan,real
768,mmdgan,mmdgan
769,mmdgan,real
770,mmdgan,real
771,mmdgan,real
772,mmdgan,real
773,mmdgan,mmdgan
774,mmdgan,real
775,mmdgan,real
776,mmdgan,real
777,mmdgan,cramergan
778,mmdgan,real
779,mmdgan,real
780,mmdgan,progan
781,mmdgan,real
782,mmdgan,real
783,mmdgan,cramergan
784,mmdgan,cramergan
785,mmdgan,real
786,mmdgan,cramergan
787,mmdgan,real
788,mmdgan,progan
789,mmdgan,mmdgan
790,mmdgan,real
791,mmdgan,mmdgan
792,mmdgan,real
793,mmdgan,real
794,mmdgan,mmdgan
795,mmdgan,mmdgan
796,mmdgan,real
797,mmdgan,real
798,mmdgan,cramergan
799,mmdgan,mmdgan
800,mmdgan,cramergan
801,mmdgan,mmdgan
802,mmdgan,cramergan
803,mmdgan,real
804,mmdgan,cramergan
805,mmdgan,real
806,mmdgan,mmdgan
807,mmdgan,real
808,mmdgan,real
809,mmdgan,mmdgan
810,mmdgan,sngan
811,mmdgan,mmdgan
812,mmdgan,mmdgan
813,mmdgan,real
814,mmdgan,mmdgan
815,mmdgan,mmdgan
816,mmdgan,real
817,mmdgan,mmdgan
818,mmdgan,real
819,mmdgan,cramergan
820,mmdgan,real
821,mmdgan,real
822,mmdgan,real
823,mmdgan,real
824,mmdgan,mmdgan
825,mmdgan,real
826,mmdgan,mmdgan
827,mmdgan,mmdgan
828,mmdgan,real
829,mmdgan,mmdgan
830,mmdgan,cramergan
831,mmdgan,real
832,mmdgan,mmdgan
833,mmdgan,real
834,mmdgan,mmdgan
835,mmdgan,mmdgan
836,mmdgan,real
837,mmdgan,real
838,mmdgan,real
839,mmdgan,mmdgan
840,mmdgan,cramergan
841,mmdgan,real
842,mmdgan,real
843,mmdgan,real
844,mmdgan,real
845,mmdgan,real
846,mmdgan,mmdgan
847,mmdgan,mmdgan
848,mmdgan,cramergan
849,mmdgan,real
850,mmdgan,mmdgan
851,mmdgan,real
852,mmdgan,real
853,mmdgan,real
854,mmdgan,real
855,mmdgan,mmdgan
856,mmdgan,cramergan
857,mmdgan,real
858,mmdgan,real
859,mmdgan,sngan
860,mmdgan,real
861,mmdgan,mmdgan
862,mmdgan,real
863,mmdgan,real
864,mmdgan,real
865,mmdgan,mmdgan
866,mmdgan,mmdgan
867,mmdgan,mmdgan
868,mmdgan,sngan
869,mmdgan,real
870,mmdgan,real
871,mmdgan,real
872,mmdgan,mmdgan
873,mmdgan,real
874,mmdgan,real
875,mmdgan,real
876,mmdgan,mmdgan
877,mmdgan,real
878,mmdgan,real
879,mmdgan,mmdgan
880,mmdgan,real
881,mmdgan,real
882,mmdgan,real
883,mmdgan,mmdgan
884,mmdgan,real
885,mmdgan,real
886,mmdgan,real
887,mmdgan,mmdgan
888,mmdgan,real
889,mmdgan,mmdgan
890,mmdgan,real
891,mmdgan,real
892,mmdgan,mmdgan
893,mmdgan,mmdgan
894,mmdgan,real
895,mmdgan,real
896,mmdgan,real
897,mmdgan,cramergan
898,mmdgan,real
899,mmdgan,mmdgan
900,mmdgan,real
901,mmdgan,progan
902,mmdgan,mmdgan
903,mmdgan,real
904,mmdgan,mmdgan
905,mmdgan,real
906,mmdgan,progan
907,mmdgan,cramergan
908,mmdgan,real
909,mmdgan,real
910,mmdgan,mmdgan
911,mmdgan,real
912,mmdgan,cramergan
913,mmdgan,real
914,mmdgan,real
915,mmdgan,mmdgan
916,mmdgan,real
917,mmdgan,real
918,mmdgan,progan
919,mmdgan,real
920,mmdgan,real
921,mmdgan,real
922,mmdgan,real
923,mmdgan,mmdgan
924,mmdgan,real
925,mmdgan,cramergan
926,mmdgan,sngan
927,mmdgan,cramergan
928,mmdgan,real
929,mmdgan,cramergan
930,mmdgan,real
931,mmdgan,mmdgan
932,mmdgan,cramergan
933,mmdgan,real
934,mmdgan,real
935,mmdgan,real
936,mmdgan,real
937,mmdgan,real
938,mmdgan,cramergan
939,mmdgan,real
940,mmdgan,real
941,mmdgan,real
942,mmdgan,mmdgan
943,mmdgan,real
944,mmdgan,cramergan
945,mmdgan,real
946,mmdgan,progan
947,mmdgan,real
948,mmdgan,mmdgan
949,mmdgan,mmdgan
950,mmdgan,mmdgan
951,mmdgan,real
952,mmdgan,cramergan
953,mmdgan,real
954,mmdgan,mmdgan
955,mmdgan,real
956,mmdgan,mmdgan
957,mmdgan,mmdgan
958,mmdgan,real
959,mmdgan,cramergan
960,mmdgan,mmdgan
961,mmdgan,mmdgan
962,mmdgan,mmdgan
963,mmdgan,real
964,mmdgan,real
965,mmdgan,real
966,mmdgan,mmdgan
967,mmdgan,real
968,mmdgan,sngan
969,mmdgan,real
970,mmdgan,cramergan
971,mmdgan,mmdgan
972,mmdgan,real
973,mmdgan,real
974,mmdgan,real
975,mmdgan,real
976,mmdgan,real
977,mmdgan,mmdgan
978,mmdgan,real
979,mmdgan,mmdgan
980,mmdgan,cramergan
981,mmdgan,real
982,mmdgan,real
983,mmdgan,real
984,mmdgan,progan
985,mmdgan,real
986,mmdgan,real
987,mmdgan,mmdgan
988,mmdgan,mmdgan
989,mmdgan,mmdgan
990,mmdgan,real
991,mmdgan,cramergan
992,mmdgan,real
993,mmdgan,sngan
994,mmdgan,mmdgan
995,mmdgan,real
996,mmdgan,sngan
997,mmdgan,real
998,mmdgan,real
999,mmdgan,real
1000,progan,real
1001,progan,real
1002,progan,real
1003,progan,real
1004,progan,real
1005,progan,cramergan
1006,progan,real
1007,progan,mmdgan
1008,progan,real
1009,progan,mmdgan
1010,progan,real
1011,progan,mmdgan
1012,progan,mmdgan
1013,progan,mmdgan
1014,progan,cramergan
1015,progan,mmdgan
1016,progan,real
1017,progan,mmdgan
1018,progan,real
1019,progan,cramergan
1020,progan,mmdgan
1021,progan,real
1022,progan,real
1023,progan,mmdgan
1024,progan,mmdgan
1025,progan,cramergan
1026,progan,cramergan
1027,progan,real
1028,progan,real
1029,progan,real
1030,progan,real
1031,progan,mmdgan
1032,progan,real
1033,progan,sngan
1034,progan,real
1035,progan,mmdgan
1036,progan,real
1037,progan,cramergan
1038,progan,mmdgan
1039,progan,real
1040,progan,real
1041,progan,real
1042,progan,real
1043,progan,real
1044,progan,real
1045,progan,real
1046,progan,real
1047,progan,cramergan
1048,progan,real
1049,progan,cramergan
1050,progan,real
1051,progan,real
1052,progan,mmdgan
1053,progan,cramergan
1054,progan,real
1055,progan,cramergan
1056,progan,real
1057,progan,cramergan
1058,progan,real
1059,progan,mmdgan
1060,progan,real
1061,progan,real
1062,progan,mmdgan
1063,progan,real
1064,progan,mmdgan
1065,progan,cramergan
1066,progan,real
1067,progan,mmdgan
1068,progan,real
1069,progan,progan
1070,progan,real
1071,progan,real
1072,progan,real
1073,progan,mmdgan
1074,progan,cramergan
1075,progan,real
1076,progan,cramergan
1077,progan,cramergan
1078,progan,mmdgan
1079,progan,real
1080,progan,mmdgan
1081,progan,real
1082,progan,real
1083,progan,mmdgan
1084,progan,real
1085,progan,cramergan
1086,progan,mmdgan
1087,progan,real
1088,progan,mmdgan
1089,progan,mmdgan
1090,progan,real
1091,progan,cramergan
1092,progan,real
1093,progan,mmdgan
1094,progan,mmdgan
1095,progan,mmdgan
1096,progan,real
1097,progan,real
1098,progan,mmdgan
1099,progan,real
1100,progan,real
1101,progan,real
1102,progan,real
1103,progan,cramergan
1104,progan,real
1105,progan,cramergan
1106,progan,sngan
1107,progan,real
1108,progan,real
1109,progan,real
1110,progan,real
1111,progan,real
1112,progan,cramergan
1113,progan,mmdgan
1114,progan,real
1115,progan,mmdgan
1116,progan,cramergan
1117,progan,real
1118,progan,real
1119,progan,real
1120,progan,cramergan
1121,progan,cramergan
1122,progan,cramergan
1123,progan,real
1124,progan,real
1125,progan,real
1126,progan,real
1127,progan,real
1128,progan,sngan
1129,progan,real
1130,progan,cramergan
1131,progan,real
1132,progan,real
1133,progan,real
1134,progan,cramergan
1135,progan,mmdgan
1136,progan,mmdgan
1137,progan,mmdgan
1138,progan,mmdgan
1139,progan,real
1140,progan,real
1141,progan,real
1142,progan,real
1143,progan,real
1144,progan,mmdgan
1145,progan,real
1146,progan,real
1147,progan,real
1148,progan,mmdgan
1149,progan,real
1150,progan,sngan
1151,progan,real
1152,progan,mmdgan
1153,progan,real
1154,progan,real
1155,progan,real
1156,progan,real
1157,progan,real
1158,progan,real
1159,progan,real
1160,progan,cramergan
1161,progan,real
1162,progan,real
1163,progan,real
1164,progan,real
1165,progan,real
1166,progan,real
1167,progan,cramergan
1168,progan,real
1169,progan,sngan
1170,progan,real
1171,progan,cramergan
1172,progan,mmdgan
1173,progan,real
1174,progan,real
1175,progan,mmdgan
1176,progan,real
1177,progan,real
1178,progan,real
1179,progan,real
1180,progan,mmdgan
1181,progan,cramergan
1182,progan,real
1183,progan,real
1184,progan,real
1185,progan,cramergan
1186,progan,real
1187,progan,real
1188,progan,mmdgan
1189,progan,real
1190,progan,real
1191,progan,real
1192,progan,real
1193,progan,real
1194,progan,real
1195,progan,real
1196,progan,real
1197,progan,mmdgan
1198,progan,mmdgan
1199,progan,real
1200,progan,real
1201,progan,real
1202,progan,cramergan
1203,progan,real
1204,progan,sngan
1205,progan,mmdgan
1206,progan,real
1207,progan,real
1208,progan,mmdgan
1209,progan,real
1210,progan,mmdgan
1211,progan,mmdgan
1212,progan,real
1213,progan,real
1214,progan,cramergan
1215,progan,real
1216,progan,real
1217,progan,mmdgan
1218,progan,real
1219,progan,real
1220,progan,real
1221,progan,sngan
1222,progan,real
1223,progan,mmdgan
1224,progan,mmdgan
1225,progan,real
1226,progan,real
1227,progan,cramergan
1228,progan,real
1229,progan,real
1230,progan,real
1231,progan,real
1232,progan,mmdgan
1233,progan,real
1234,progan,mmdgan
1235,progan,mmdgan
1236,progan,mmdgan
1237,progan,mmdgan
1238,progan,mmdgan
1239,progan,real
1240,progan,real
1241,progan,real
1242,progan,real
1243,progan,sngan
1244,progan,real
1245,progan,sngan
1246,progan,mmdgan
1247,progan,mmdgan
1248,progan,mmdgan
1249,progan,mmdgan
1250,progan,real
1251,progan,real
1252,progan,real
1253,progan,real
1254,progan,real
1255,progan,mmdgan
1256,progan,mmdgan
1257,progan,real
1258,progan,mmdgan
1259,progan,mmdgan
1260,progan,real
1261,progan,real
1262,progan,real
1263,progan,real
1264,progan,real
1265,progan,mmdgan
1266,progan,real
1267,progan,real
1268,progan,mmdgan
1269,progan,cramergan
1270,progan,real
1271,progan,mmdgan
1272,progan,cramergan
1273,progan,real
1274,progan,real
1275,progan,real
1276,progan,real
1277,progan,real
1278,progan,mmdgan
1279,progan,real
1280,progan,real
1281,progan,cramergan
1282,progan,real
1283,progan,real
1284,progan,real
1285,progan,real
1286,progan,real
1287,progan,real
1288,progan,real
1289,progan,progan
1290,progan,real
1291,progan,real
1292,progan,mmdgan
1293,progan,real
1294,progan,cramergan
1295,progan,mmdgan
1296,progan,mmdgan
1297,progan,real
1298,progan,cramergan
1299,progan,real
1300,progan,mmdgan
1301,progan,real
1302,progan,real
1303,progan,real
1304,progan,mmdgan
1305,progan,real
1306,progan,mmdgan
1307,progan,mmdgan
1308,progan,mmdgan
1309,progan,cramergan
1310,progan,mmdgan
1311,progan,real
1312,progan,real
1313,progan,cramergan
1314,progan,cramergan
1315,progan,mmdgan
1316,progan,real
1317,progan,real
1318,progan,cramergan
1319,progan,real
1320,progan,real
1321,progan,real
1322,progan,real
1323,progan,real
1324,progan,progan
1325,progan,real
1326,progan,real
1327,progan,mmdgan
1328,progan,real
1329,progan,mmdgan
1330,progan,real
1331,progan,real
1332,progan,mmdgan
1333,progan,mmdgan
1334,progan,real
1335,progan,real
1336,progan,real
1337,progan,mmdgan
1338,progan,sngan
1339,progan,cramergan
1340,progan,sngan
1341,progan,cramergan
1342,progan,real
1343,progan,real
1344,progan,real
1345,progan,real
1346,progan,real
1347,progan,real
1348,progan,real
1349,progan,cramergan
1350,progan,real
1351,progan,real
1352,progan,real
1353,progan,cramergan
1354,progan,real
1355,progan,real
1356,progan,real
1357,progan,mmdgan
1358,progan,mmdgan
1359,progan,mmdgan
1360,progan,real
1361,progan,mmdgan
1362,progan,mmdgan
1363,progan,real
1364,progan,real
1365,progan,mmdgan
1366,progan,mmdgan
1367,progan,real
1368,progan,cramergan
1369,progan,mmdgan
1370,progan,real
1371,progan,real
1372,progan,real
1373,progan,real
1374,progan,mmdgan
1375,progan,mmdgan
1376,progan,real
1377,progan,cramergan
1378,progan,real
1379,progan,real
1380,progan,real
1381,progan,real
1382,progan,real
1383,progan,real
1384,progan,real
1385,progan,real
1386,progan,real
1387,progan,real
1388,progan,mmdgan
1389,progan,mmdgan
1390,progan,cramergan
1391,progan,mmdgan
1392,progan,mmdgan
1393,progan,real
1394,progan,mmdgan
1395,progan,real
1396,progan,cramergan
1397,progan,cramergan
1398,progan,real
1399,progan,real
1400,progan,real
1401,progan,real
1402,progan,real
1403,progan,real
1404,progan,real
1405,progan,real
1406,progan,sngan
1407,progan,mmdgan
1408,progan,real
1409,progan,real
1410,progan,mmdgan
1411,progan,real
1412,progan,mmdgan
1413,progan,real
1414,progan,mmdgan
1415,progan,real
1416,progan,mmdgan
1417,progan,cramergan
1418,progan,real
1419,progan,real
1420,progan,cramergan
1421,progan,real
1422,progan,sngan
1423,progan,real
1424,progan,real
1425,progan,real
1426,progan,sngan
1427,progan,real
1428,progan,real
1429,progan,real
1430,progan,mmdgan
1431,progan,real
1432,progan,real
1433,progan,real
1434,progan,real
1435,progan,real
1436,progan,sngan
1437,progan,real
1438,progan,mmdgan
1439,progan,real
1440,progan,mmdgan
1441,progan,real
1442,progan,real
1443,progan,mmdgan
1444,progan,real
1445,progan,mmdgan
1446,progan,real
1447,progan,real
1448,progan,mmdgan
1449,progan,real
1450,progan,real
1451,progan,mmdgan
1452,progan,real
1453,progan,real
1454,progan,real
1455,progan,real
1456,progan,mmdgan
1457,progan,cramergan
1458,progan,real
1459,progan,real
1460,progan,real
1461,progan,real
1462,progan,real
1463,progan,cramergan
1464,progan,real
1465,progan,mmdgan
1466,progan,real
1467,progan,real
1468,progan,cramergan
1469,progan,cramergan
1470,progan,real
1471,progan,real
1472,progan,real
1473,progan,real
1474,progan,real
1475,progan,real
1476,progan,real
1477,progan,real
1478,progan,mmdgan
1479,progan,real
1480,progan,mmdgan
1481,progan,real
1482,progan,real
1483,progan,real
1484,progan,real
1485,progan,real
1486,progan,sngan
1487,progan,real
1488,progan,mmdgan
1489,progan,sngan
1490,progan,mmdgan
1491,progan,mmdgan
1492,progan,sngan
1493,progan,real
1494,progan,real
1495,progan,mmdgan
1496,progan,mmdgan
1497,progan,real
1498,progan,mmdgan
1499,progan,real
1500,real,real
1501,real,real
1502,real,real
1503,real,real
1504,real,cramergan
1505,real,real
1506,real,mmdgan
1507,real,real
1508,real,mmdgan
1509,real,mmdgan
1510,real,real
1511,real,real
1512,real,real
1513,real,real
1514,real,real
1515,real,real
1516,real,real
1517,real,real
1518,real,real
1519,real,real
1520,real,cramergan
1521,real,real
1522,real,real
1523,real,real
1524,real,real
1525,real,real
1526,real,real
1527,real,progan
1528,real,real
1529,real,real
1530,real,real
1531,real,real
1532,real,real
1533,real,real
1534,real,real
1535,real,real
1536,real,real
1537,real,cramergan
1538,real,real
1539,real,real
1540,real,real
1541,real,mmdgan
1542,real,cramergan
1543,real,real
1544,real,real
1545,real,real
1546,real,real
1547,real,real
1548,real,real
1549,real,cramergan
1550,real,real
1551,real,real
1552,real,sngan
1553,real,real
1554,real,mmdgan
1555,real,real
1556,real,real
1557,real,real
1558,real,real
1559,real,mmdgan
1560,real,mmdgan
1561,real,real
1562,real,real
1563,real,real
1564,real,real
1565,real,real
1566,real,real
1567,real,real
1568,real,real
1569,real,real
1570,real,real
1571,real,real
1572,real,real
1573,real,real
1574,real,real
1575,real,cramergan
1576,real,real
1577,real,real
1578,real,real
1579,real,real
1580,real,real
1581,real,real
1582,real,real
1583,real,sngan
1584,real,mmdgan
1585,real,real
1586,real,cramergan
1587,real,real
1588,real,real
1589,real,real
1590,real,cramergan
1591,real,real
1592,real,real
1593,real,real
1594,real,real
1595,real,real
1596,real,real
1597,real,mmdgan
1598,real,real
1599,real,real
1600,real,real
1601,real,real
1602,real,real
1603,real,real
1604,real,mmdgan
1605,real,real
1606,real,cramergan
1607,real,real
1608,real,real
1609,real,real
1610,real,real
1611,real,real
1612,real,real
1613,real,real
1614,real,real
1615,real,mmdgan
1616,real,real
1617,real,real
1618,real,real
1619,real,real
1620,real,real
1621,real,real
1622,real,real
1623,real,real
1624,real,real
1625,real,real
1626,real,real
1627,real,real
1628,real,real
1629,real,real
1630,real,real
1631,real,real
1632,real,sngan
1633,real,real
1634,real,mmdgan
1635,real,real
1636,real,real
1637,real,cramergan
1638,real,real
1639,real,real
1640,real,mmdgan
1641,real,real
1642,real,real
1643,real,real
1644,real,real
1645,real,real
1646,real,real
1647,real,real
1648,real,real
1649,real,real
1650,real,real
1651,real,mmdgan
1652,real,real
1653,real,real
1654,real,real
1655,real,real
1656,real,mmdgan
1657,real,real
1658,real,real
1659,real,mmdgan
1660,real,real
1661,real,real
1662,real,sngan
1663,real,mmdgan
1664,real,cramergan
1665,real,real
1666,real,real
1667,real,sngan
1668,real,real
1669,real,real
1670,real,real
1671,real,real
1672,real,real
1673,real,sngan
1674,real,real
1675,real,real
1676,real,real
1677,real,real
1678,real,real
1679,real,mmdgan
1680,real,mmdgan
1681,real,real
1682,real,real
1683,real,real
1684,real,mmdgan
1685,real,real
1686,real,mmdgan
1687,real,real
1688,real,real
1689,real,real
1690,real,real
1691,real,real
1692,real,real
1693,real,real
1694,real,real
1695,real,real
1696,real,mmdgan
1697,real,real
1698,real,real
1699,real,real
1700,real,real
1701,real,real
1702,real,mmdgan
1703,real,real
1704,real,real
1705,real,real
1706,real,real
1707,real,real
1708,real,real
1709,real,real
1710,real,real
1711,real,real
1712,real,real
1713,real,real
1714,real,real
1715,real,real
1716,real,sngan
1717,real,real
1718,real,real
1719,real,real
1720,real,mmdgan
1721,real,real
1722,real,cramergan
1723,real,real
1724,real,real
1725,real,real
1726,real,real
1727,real,real
1728,real,real
1729,real,real
1730,real,mmdgan
1731,real,real
1732,real,real
1733,real,real
1734,real,real
1735,real,real
1736,real,real
1737,real,real
1738,real,real
1739,real,real
1740,real,real
1741,real,real
1742,real,mmdgan
1743,real,real
1744,real,real
1745,real,real
1746,real,real
1747,real,real
1748,real,real
1749,real,real
1750,real,real
1751,real,mmdgan
1752,real,real
1753,real,real
1754,real,real
1755,real,real
1756,real,real
1757,real,real
1758,real,real
1759,real,real
1760,real,sngan
1761,real,real
1762,real,real
1763,real,real
1764,real,mmdgan
1765,real,real
1766,real,real
1767,real,sngan
1768,real,mmdgan
1769,real,real
1770,real,real
1771,real,real
1772,real,real
1773,real,real
1774,real,cramergan
1775,real,real
1776,real,real
1777,real,mmdgan
1778,real,mmdgan
1779,real,real
1780,real,real
1781,real,real
1782,real,real
1783,real,real
1784,real,real
1785,real,real
1786,real,real
1787,real,real
1788,real,real
1789,real,real
1790,real,real
1791,real,real
1792,real,real
1793,real,real
1794,real,real
1795,real,real
1796,real,real
1797,real,real
1798,real,real
1799,real,real
1800,real,mmdgan
1801,real,real
1802,real,cramergan
1803,real,real
1804,real,real
1805,real,real
1806,real,real
1807,real,real
1808,real,real
1809,real,real
1810,real,cramergan
1811,real,real
1812,real,real
1813,real,real
1814,real,real
1815,real,real
1816,real,real
1817,real,real
1818,real,cramergan
1819,real,mmdgan
1820,real,real
1821,real,real
1822,real,real
1823,real,real
1824,real,mmdgan
1825,real,mmdgan
1826,real,real
1827,real,real
1828,real,real
1829,real,mmdgan
1830,real,mmdgan
1831,real,real
1832,real,real
1833,real,real
1834,real,real
1835,real,real
1836,real,real
1837,real,real
1838,real,cramergan
1839,real,real
1840,real,real
1841,real,mmdgan
1842,real,real
1843,real,real
1844,real,real
1845,real,real
1846,real,real
1847,real,real
1848,real,real
1849,real,cramergan
1850,real,real
1851,real,real
1852,real,real
1853,real,real
1854,real,real
1855,real,mmdgan
1856,real,real
1857,real,real
1858,real,real
1859,real,real
1860,real,real
1861,real,real
1862,real,real
1863,real,real
1864,real,real
1865,real,real
1866,real,real
1867,real,real
1868,real,real
1869,real,real
1870,real,real
1871,real,mmdgan
1872,real,real
1873,real,cramergan
1874,real,mmdgan
1875,real,cramergan
1876,real,real
1877,real,real
1878,real,real
1879,real,real
1880,real,real
1881,real,real
1882,real,real
1883,real,real
1884,real,real
1885,real,real
1886,real,real
1887,real,mmdgan
1888,real,real
1889,real,real
1890,real,real
1891,real,real
1892,real,real
1893,real,real
1894,real,real
1895,real,mmdgan
1896,real,real
1897,real,real
1898,real,real
1899,real,cramergan
1900,real,real
1901,real,real
1902,real,real
1903,real,real
1904,real,real
1905,real,real
1906,real,cramergan
1907,real,real
1908,real,real
1909,real,real
1910,real,real
1911,real,cramergan
1912,real,real
1913,real,real
1914,real,real
1915,real,real
1916,real,real
1917,real,real
1918,real,real
1919,real,real
1920,real,real
1921,real,real
1922,real,mmdgan
1923,real,real
1924,real,real
1925,real,real
1926,real,real
1927,real,real
1928,real,mmdgan
1929,real,sngan
1930,real,real
1931,real,real
1932,real,real
1933,real,real
1934,real,real
1935,real,real
1936,real,real
1937,real,real
1938,real,mmdgan
1939,real,real
1940,real,real
1941,real,real
1942,real,real
1943,real,mmdgan
1944,real,real
1945,real,mmdgan
1946,real,mmdgan
1947,real,real
1948,real,cramergan
1949,real,real
1950,real,mmdgan
1951,real,mmdgan
1952,real,real
1953,real,sngan
1954,real,real
1955,real,real
1956,real,real
1957,real,cramergan
1958,real,mmdgan
1959,real,real
1960,real,real
1961,real,real
1962,real,mmdgan
1963,real,real
1964,real,real
1965,real,real
1966,real,real
1967,real,real
1968,real,real
1969,real,real
1970,real,real
1971,real,mmdgan
1972,real,real
1973,real,real
1974,real,cramergan
1975,real,real
1976,real,real
1977,real,real
1978,real,real
1979,real,real
1980,real,mmdgan
1981,real,real
1982,real,real
1983,real,real
1984,real,real
1985,real,real
1986,real,real
1987,real,mmdgan
1988,real,real
1989,real,mmdgan
1990,real,real
1991,real,real
1992,real,real
1993,real,real
1994,real,mmdgan
1995,real,real
1996,real,progan
1997,real,real
1998,real,real
1999,real,mmdgan
2000,sngan,real
2001,sngan,real
2002,sngan,cramergan
2003,sngan,real
2004,sngan,mmdgan
2005,sngan,real
2006,sngan,real
2007,sngan,real
2008,sngan,progan
2009,sngan,real
2010,sngan,cramergan
2011,sngan,mmdgan
2012,sngan,real
2013,sngan,cramergan
2014,sngan,cramergan
2015,sngan,real
2016,sngan,real
2017,sngan,real
2018,sngan,real
2019,sngan,mmdgan
2020,sngan,real
2021,sngan,mmdgan
2022,sngan,real
2023,sngan,real
2024,sngan,real
2025,sngan,mmdgan
2026,sngan,real
2027,sngan,real
2028,sngan,progan
2029,sngan,real
2030,sngan,mmdgan
2031,sngan,real
2032,sngan,cramergan
2033,sngan,sngan
2034,sngan,real
2035,sngan,real
2036,sngan,real
2037,sngan,mmdgan
2038,sngan,real
2039,sngan,real
2040,sngan,progan
2041,sngan,mmdgan
2042,sngan,real
2043,sngan,real
2044,sngan,real
2045,sngan,real
2046,sngan,real
2047,sngan,real
2048,sngan,cramergan
2049,sngan,cramergan
2050,sngan,real
2051,sngan,real
2052,sngan,real
2053,sngan,cramergan
2054,sngan,mmdgan
2055,sngan,mmdgan
2056,sngan,real
2057,sngan,real
2058,sngan,real
2059,sngan,mmdgan
2060,sngan,real
2061,sngan,real
2062,sngan,cramergan
2063,sngan,real
2064,sngan,real
2065,sngan,mmdgan
2066,sngan,real
2067,sngan,real
2068,sngan,cramergan
2069,sngan,mmdgan
2070,sngan,real
2071,sngan,real
2072,sngan,real
2073,sngan,real
2074,sngan,real
2075,sngan,real
2076,sngan,mmdgan
2077,sngan,real
2078,sngan,real
2079,sngan,progan
2080,sngan,mmdgan
2081,sngan,real
2082,sngan,cramergan
2083,sngan,mmdgan
2084,sngan,real
2085,sngan,real
2086,sngan,real
2087,sngan,real
2088,sngan,real
2089,sngan,real
2090,sngan,real
2091,sngan,real
2092,sngan,real
2093,sngan,mmdgan
2094,sngan,real
2095,sngan,cramergan
2096,sngan,real
2097,sngan,real
2098,sngan,real
2099,sngan,sngan
2100,sngan,real
2101,sngan,mmdgan
2102,sngan,mmdgan
2103,sngan,mmdgan
2104,sngan,real
2105,sngan,mmdgan
2106,sngan,mmdgan
2107,sngan,real
2108,sngan,real
2109,sngan,real
2110,sngan,real
2111,sngan,cramergan
2112,sngan,real
2113,sngan,real
2114,sngan,mmdgan
2115,sngan,real
2116,sngan,cramergan
2117,sngan,real
2118,sngan,real
2119,sngan,mmdgan
2120,sngan,cramergan
2121,sngan,real
2122,sngan,mmdgan
2123,sngan,cramergan
2124,sngan,real
2125,sngan,real
2126,sngan,real
2127,sngan,mmdgan
2128,sngan,real
2129,sngan,real
2130,sngan,real
2131,sngan,sngan
2132,sngan,mmdgan
2133,sngan,mmdgan
2134,sngan,real
2135,sngan,progan
2136,sngan,real
2137,sngan,cramergan
2138,sngan,sngan
2139,sngan,mmdgan
2140,sngan,mmdgan
2141,sngan,real
2142,sngan,real
2143,sngan,cramergan
2144,sngan,real
2145,sngan,real
2146,sngan,real
2147,sngan,mmdgan
2148,sngan,real
2149,sngan,mmdgan
2150,sngan,mmdgan
2151,sngan,cramergan
2152,sngan,cramergan
2153,sngan,real
2154,sngan,real
2155,sngan,real
2156,sngan,real
2157,sngan,real
2158,sngan,real
2159,sngan,mmdgan
2160,sngan,real
2161,sngan,real
2162,sngan,cramergan
2163,sngan,cramergan
2164,sngan,real
2165,sngan,cramergan
2166,sngan,real
2167,sngan,real
2168,sngan,real
2169,sngan,mmdgan
2170,sngan,mmdgan
2171,sngan,mmdgan
2172,sngan,real
2173,sngan,real
2174,sngan,real
2175,sngan,real
2176,sngan,real
2177,sngan,mmdgan
2178,sngan,progan
2179,sngan,real
2180,sngan,mmdgan
2181,sngan,real
2182,sngan,real
2183,sngan,mmdgan
2184,sngan,real
2185,sngan,real
2186,sngan,real
2187,sngan,mmdgan
2188,sngan,progan
2189,sngan,mmdgan
2190,sngan,real
2191,sngan,real
2192,sngan,cramergan
2193,sngan,real
2194,sngan,mmdgan
2195,sngan,real
2196,sngan,real
2197,sngan,mmdgan
2198,sngan,real
2199,sngan,real
2200,sngan,real
2201,sngan,mmdgan
2202,sngan,real
2203,sngan,real
2204,sngan,real
2205,sngan,mmdgan
2206,sngan,real
2207,sngan,cramergan
2208,sngan,real
2209,sngan,real
2210,sngan,real
2211,sngan,real
2212,sngan,real
2213,sngan,cramergan
2214,sngan,real
2215,sngan,real
2216,sngan,real
2217,sngan,mmdgan
2218,sngan,real
2219,sngan,real
2220,sngan,sngan
2221,sngan,mmdgan
2222,sngan,mmdgan
2223,sngan,real
2224,sngan,real
2225,sngan,real
2226,sngan,real
2227,sngan,progan
2228,sngan,cramergan
2229,sngan,real
2230,sngan,real
2231,sngan,mmdgan
2232,sngan,real
2233,sngan,mmdgan
2234,sngan,real
2235,sngan,real
2236,sngan,real
2237,sngan,real
2238,sngan,cramergan
2239,sngan,real
2240,sngan,real
2241,sngan,real
2242,sngan,real
2243,sngan,mmdgan
2244,sngan,real
2245,sngan,real
2246,sngan,real
2247,sngan,real
2248,sngan,mmdgan
2249,sngan,real
2250,sngan,mmdgan
2251,sngan,real
2252,sngan,mmdgan
2253,sngan,real
2254,sngan,real
2255,sngan,real
2256,sngan,real
2257,sngan,real
2258,sngan,real
2259,sngan,real
2260,sngan,mmdgan
2261,sngan,real
2262,sngan,real
2263,sngan,mmdgan
2264,sngan,cramergan
2265,sngan,real
2266,sngan,real
2267,sngan,real
2268,sngan,cramergan
2269,sngan,real
2270,sngan,mmdgan
2271,sngan,real
2272,sngan,mmdgan
2273,sngan,real
2274,sngan,real
2275,sngan,mmdgan
2276,sngan,real
2277,sngan,real
2278,sngan,real
2279,sngan,real
2280,sngan,cramergan
2281,sngan,real
2282,sngan,real
2283,sngan,real
2284,sngan,cramergan
2285,sngan,real
2286,sngan,real
2287,sngan,real
2288,sngan,real
2289,sngan,real
2290,sngan,real
2291,sngan,mmdgan
2292,sngan,real
2293,sngan,cramergan
2294,sngan,real
2295,sngan,real
2296,sngan,cramergan
2297,sngan,mmdgan
2298,sngan,real
2299,sngan,real
2300,sngan,real
2301,sngan,cramergan
2302,sngan,real
2303,sngan,mmdgan
2304,sngan,real
2305,sngan,real
2306,sngan,mmdgan
2307,sngan,real
2308,sngan,mmdgan
2309,sngan,progan
2310,sngan,real
2311,sngan,mmdgan
2312,sngan,real
2313,sngan,cramergan
2314,sngan,cramergan
2315,sngan,mmdgan
2316,sngan,real
2317,sngan,real
2318,sngan,real
2319,sngan,real
2320,sngan,mmdgan
2321,sngan,real
2322,sngan,mmdgan
2323,sngan,real
2324,sngan,real
2325,sngan,mmdgan
2326,sngan,real
2327,sngan,mmdgan
2328,sngan,real
2329,sngan,mmdgan
2330,sngan,real
2331,sngan,cramergan
2332,sngan,real
2333,sngan,real
2334,sngan,mmdgan
2335,sngan,real
2336,sngan,mmdgan
2337,sngan,real
2338,sngan,real
2339,sngan,real
2340,sngan,real
2341,sngan,sngan
2342,sngan,real
2343,sngan,mmdgan
2344,sngan,mmdgan
2345,sngan,real
2346,sngan,cramergan
2347,sngan,real
2348,sngan,real
2349,sngan,mmdgan
2350,sngan,real
2351,sngan,real
2352,sngan,mmdgan
2353,sngan,real
2354,sngan,cramergan
2355,sngan,real
2356,sngan,real
2357,sngan,real
2358,sngan,real
2359,sngan,real
2360,sngan,mmdgan
2361,sngan,real
2362,sngan,real
2363,sngan,real
2364,sngan,real
2365,sngan,sngan
2366,sngan,real
2367,sngan,real
2368,sngan,cramergan
2369,sngan,real
2370,sngan,real
2371,sngan,cramergan
2372,sngan,mmdgan
2373,sngan,mmdgan
2374,sngan,real
2375,sngan,mmdgan
2376,sngan,cramergan
2377,sngan,real
2378,sngan,mmdgan
2379,sngan,real
2380,sngan,real
2381,sngan,real
2382,sngan,real
2383,sngan,progan
2384,sngan,real
2385,sngan,real
2386,sngan,sngan
2387,sngan,real
2388,sngan,cramergan
2389,sngan,real
2390,sngan,sngan
2391,sngan,real
2392,sngan,real
2393,sngan,real
2394,sngan,cramergan
2395,sngan,mmdgan
2396,sngan,mmdgan
2397,sngan,real
2398,sngan,real
2399,sngan,real
2400,sngan,real
2401,sngan,cramergan
2402,sngan,real
2403,sngan,mmdgan
2404,sngan,real
2405,sngan,real
2406,sngan,cramergan
2407,sngan,real
2408,sngan,real
2409,sngan,cramergan
2410,sngan,real
2411,sngan,real
2412,sngan,real
2413,sngan,mmdgan
2414,sngan,real
2415,sngan,mmdgan
2416,sngan,real
2417,sngan,real
2418,sngan,mmdgan
2419,sngan,mmdgan
2420,sngan,cramergan
2421,sngan,real
2422,sngan,real
2423,sngan,real
2424,sngan,sngan
2425,sngan,real
2426,sngan,real
2427,sngan,mmdgan
2428,sngan,real
2429,sngan,cramergan
2430,sngan,real
2431,sngan,real
2432,sngan,cramergan
2433,sngan,real
2434,sngan,real
2435,sngan,real
2436,sngan,mmdgan
2437,sngan,mmdgan
2438,sngan,real
2439,sngan,real
2440,sngan,real
2441,sngan,real
2442,sngan,real
2443,sngan,real
2444,sngan,real
2445,sngan,progan
2446,sngan,real
2447,sngan,real
2448,sngan,real
2449,sngan,real
2450,sngan,mmdgan
2451,sngan,mmdgan
2452,sngan,progan
2453,sngan,cramergan
2454,sngan,real
2455,sngan,real
2456,sngan,real
2457,sngan,real
2458,sngan,real
2459,sngan,real
2460,sngan,cramergan
2461,sngan,progan
2462,sngan,mmdgan
2463,sngan,sngan
2464,sngan,real
2465,sngan,cramergan
2466,sngan,real
2467,sngan,mmdgan
2468,sngan,mmdgan
2469,sngan,real
2470,sngan,real
2471,sngan,real
2472,sngan,real
2473,sngan,real
2474,sngan,real
2475,sngan,real
2476,sngan,mmdgan
2477,sngan,mmdgan
2478,sngan,real
2479,sngan,mmdgan
2480,sngan,mmdgan
2481,sngan,real
2482,sngan,real
2483,sngan,real
2484,sngan,mmdgan
2485,sngan,mmdgan
2486,sngan,real
2487,sngan,real
2488,sngan,real
2489,sngan,real
2490,sngan,real
2491,sngan,mmdgan
2492,sngan,mmdgan
2493,sngan,mmdgan
2494,sngan,mmdgan
2495,sngan,cramergan
2496,sngan,real
2497,sngan,real
2498,sngan,progan
2499,sngan,real
